"Id","Path","Slice Name","Alias(s)","Label","Min","Max","Must Support?","Is Modifier?","Is Summary?","Type(s)","Short","Definition","Comments","Requirements","Default Value","Meaning When Missing","Fixed Value","Pattern","Example","Minimum Value","Maximum Value","Maximum Length","Binding Strength","Binding Description","Binding Value Set","Code","Slicing Discriminator","Slicing Description","Slicing Ordered","Slicing Rules","Base Path","Base Min","Base Max","Condition(s)","Constraint(s)","Mapping: Workflow Pattern","Mapping: SNOMED CT Concept Domain Binding","Mapping: HL7 v2 Mapping","Mapping: RIM Mapping","Mapping: FiveWs Pattern Mapping","Mapping: SNOMED CT Attribute Binding"
"Observation","Observation","","Vital Signs
MeasurementResultsTests","",0,*,"","","","null {[]} {[]}
","檢驗檢查，測量及簡單的判定。","對病人、設備或其他對象進行的測量和簡單判定。","Used for simple observations such as device measurements, laboratory atomic results, vital signs, height, weight, smoking status, comments, etc.  Other resources are used to provide context for observations such as laboratory reports, etc.","","","","","","","","",,,,,"",,,,"Observation",0,*,"","dom-2:If the resource is contained in another resource, it SHALL NOT contain nested Resources {contained.contained.empty()}
dom-3:If the resource is contained in another resource, it SHALL be referred to from elsewhere in the resource or SHALL refer to the containing resource {contained.where((('#'+id in (%resource.descendants().reference | %resource.descendants().as(canonical) | %resource.descendants().as(uri) | %resource.descendants().as(url))) or descendants().where(reference = '#').exists() or descendants().where(as(canonical) = '#').exists() or descendants().where(as(canonical) = '#').exists()).not()).trace('unmatched', id).empty()}dom-4:If a resource is contained in another resource, it SHALL NOT have a meta.versionId or a meta.lastUpdated {contained.meta.versionId.empty() and contained.meta.lastUpdated.empty()}dom-5:If a resource is contained in another resource, it SHALL NOT have a security label {contained.meta.security.empty()}dom-6:A resource should have narrative for robust management {text.`div`.exists()}obs-6:dataAbsentReason SHALL only be present if Observation.value[x] is not present {dataAbsentReason.empty() or value.empty()}obs-7:If Observation.code is the same as an Observation.component.code then the value element associated with the code SHALL NOT be present {value.empty() or component.code.where(coding.intersect(%resource.code.coding).exists()).empty()}tw-core-4:If there is no component or hasMember element then either a value[x] or a data absent reason must be present. {(component.empty() and hasMember.empty()) implies (dataAbsentReason.exists() or value.exists())}twha-obs-1:Observation 必須包含測量值 (value) 或資料缺失原因 (dataAbsentReason) 或分項測量值 (component) {value.exists() or dataAbsentReason.exists() or component.exists()}","Event","< 363787002 |Observable entity|","OBX","Entity. Role, or Act","Observation[classCode=OBS, moodCode=EVN]"
"Observation.id","Observation.id","","","",0,1,"","","Y","id {[]} {[]}
","不重複的ID用以識別儲存在特定FHIR Server中的Observation紀錄，通常又稱為邏輯性ID。","resource的邏輯ID，在resource的URL中使用。一旦指定，這個值永遠不會改變。","一個resource使用新增操作（create operation）提交給伺服器時，此resource沒有id，它的id在resource被創建後由伺器分配/指定。","","","","","","","","",,,,,"",,,,"Resource.id",0,1,"",""
"Observation.meta","Observation.meta","","","",0,1,"","","Y","Meta {[]} {[]}
","此Observation Resource的metadata","關於resource的metadata。這是由基礎建設維護的內容。內容的更改可能並不總是與resource的版本更改相關聯。","","","","","","","","","",,,,,"",,,,"Resource.meta",0,1,"","ele-1:All FHIR elements must have a @value or children {hasValue() or (children().count() > id.count())}
"
"Observation.implicitRules","Observation.implicitRules","","","",0,1,"","Y","Y","uri {[]} {[]}
","創建此內容所依據的一組規則","構建resource時遵循的一系列規則的參照，在處理內容時必須理解這些規則。通常這是對IG所定義之特殊規則及其他profiles的參照。","宣告這套規則限制了內容只能被有限的交易夥伴所理解。這從本質上限制了資料的長期有用性。然而，現有的健康生態體系高度分裂，還沒有準備好以普遍可計算的方式定義、收集和交換資料。只要有可能，實作者和/或規範編寫者應該避免使用這個資料項目。通常在使用時，此URL是對IG的參照，此IG將這些特殊規則與其他profiles、value sets等一起定義為其敘述的一部分。","","","","","","","","",,,,,"",,,,"Resource.implicitRules",0,1,"","ele-1:All FHIR elements must have a @value or children {hasValue() or (children().count() > id.count())}
"
"Observation.language","Observation.language","","","",0,1,"","","","code {[]} {[]}
","用以表述Observation Resource內容的語言。","編寫此resource的語言","提供語言是為了支援索引和可存取性（通常，文字表述轉語音等服務使用此語言標籤）。html lanuage tag適用於此敘述。resource上的語言標籤可用於指定從resource中的資料所產成的其他表述之語言。不是所有的內容都必須使用此語言。不應該假定Resource.language自動適用於敘述。如果指定語言，它也應該被指定在html中的div資料項目（關於xml:lang和html lang屬性之間的關係，見HTML5中的規則）。","","","","","","<valueString xmlns=""http://hl7.org/fhir"" value=""zh-TW""/>","","",,"preferred","人類語言；鼓勵使用CommonLanguages代碼表中的代碼，但不強制一定要使用此代碼表，你也可使用其他代碼表的代碼或單純以文字表示。","http://hl7.org/fhir/ValueSet/languages","",,,,"Resource.language",0,1,"","ele-1:All FHIR elements must have a @value or children {hasValue() or (children().count() > id.count())}
"
"Observation.text","Observation.text","","narrative
htmlxhtmldisplay","",0,1,"","","","Narrative {[]} {[]}
","Observation Resource之內容摘要以供人閱讀","人可讀的敘述，包含resource的摘要，可用於向人表述resource的內容。敘述不需要對所有的結構化資料進行編碼，但需要包含足夠的細節使人在閱讀敘述時理解「臨床安全性」。resource定義有哪些內容應該在敘述中表示，以確保臨床安全。","內嵌（contained）的resource沒有敘述，非內嵌（contained）的resource則 **建議應該（SHOULD）** 有敘述。有時resource可能只有文字表述，很少或沒有額外的結構化資料（只要滿足所有minOccurs=1的資料項目）。這可能出現在舊系統的資料，當資訊以 「文字表述區塊（text blob） 」的形式被取得，或者文字表述是原始輸入或說明，而編碼資訊稍後再添加。","","","","","","","","",,,,,"",,,,"DomainResource.text",0,1,"","ele-1:All FHIR elements must have a @value or children {hasValue() or (children().count() > id.count())}
","Act.text?"
"Observation.contained","Observation.contained","","inline resources
anonymous resourcescontained resources","",0,*,"","","","Resource {[]} {[]}
","Contained, inline Resources","These resources do not have an independent existence apart from the resource that contains them - they cannot be identified independently, and nor can they have their own independent transaction scope.","This should never be done when the content can be identified properly, as once identification is lost, it is extremely difficult (and context dependent) to restore it again. Contained resources may have profiles and tags In their meta elements, but SHALL NOT have security labels.","","","","","","","","",,,,,"",,,,"DomainResource.contained",0,*,"","","N/A"
"Observation.extension","Observation.extension","","extensions
user content","",0,*,"","","","Extension {[]} {[]}
","Additional content defined by implementations","May be used to represent additional information that is not part of the basic definition of the resource. To make the use of extensions safe and manageable, there is a strict set of governance  applied to the definition and use of extensions. Though any implementer can define an extension, there is a set of requirements that SHALL be met as part of the definition of the extension.","There can be no stigma associated with the use of extensions by any application, project, or standard - regardless of the institution or jurisdiction that uses or defines the extensions.  The use of extensions is what allows the FHIR specification to retain a core level of simplicity for everyone.","","","","","","","","",,,,,"",,,,"DomainResource.extension",0,*,"","ele-1:All FHIR elements must have a @value or children {hasValue() or (children().count() > id.count())}
ext-1:Must have either extensions or value[x], not both {extension.exists() != value.exists()}","N/A"
"Observation.modifierExtension","Observation.modifierExtension","","extensions
user content","",0,*,"","Y","","Extension {[]} {[]}
","Extensions that cannot be ignored","May be used to represent additional information that is not part of the basic definition of the resource and that modifies the understanding of the element that contains it and/or the understanding of the containing element's descendants. Usually modifier elements provide negation or qualification. To make the use of extensions safe and manageable, there is a strict set of governance applied to the definition and use of extensions. Though any implementer is allowed to define an extension, there is a set of requirements that SHALL be met as part of the definition of the extension. Applications processing a resource are required to check for modifier extensions.

Modifier extensions SHALL NOT change the meaning of any elements on Resource or DomainResource (including cannot change the meaning of modifierExtension itself).","There can be no stigma associated with the use of extensions by any application, project, or standard - regardless of the institution or jurisdiction that uses or defines the extensions.  The use of extensions is what allows the FHIR specification to retain a core level of simplicity for everyone.","Modifier extensions allow for extensions that *cannot* be safely ignored to be clearly distinguished from the vast majority of extensions which can be safely ignored.  This promotes interoperability by eliminating the need for implementers to prohibit the presence of extensions. For further information, see the [definition of modifier extensions](http://hl7.org/fhir/R4/extensibility.html#modifierExtension).","","","","","","","",,,,,"",,,,"DomainResource.modifierExtension",0,*,"","ele-1:All FHIR elements must have a @value or children {hasValue() or (children().count() > id.count())}
ext-1:Must have either extensions or value[x], not both {extension.exists() != value.exists()}","N/A"
"Observation.identifier","Observation.identifier","","","",0,*,"","","Y","Identifier {[]} {[]}
","檢驗檢查的識別碼，通常為業務目的所使用的識別碼，例如：檢驗序號或單號。","此檢驗檢查的唯一識別碼","","允許對檢驗檢查結果進行區分和參照","","","","","","","",,,,,"",,,,"Observation.identifier",0,*,"","ele-1:All FHIR elements must have a @value or children {hasValue() or (children().count() > id.count())}
","Event.identifier","OBX.21  For OBX segments from systems without OBX-21 support a combination of ORC/OBR and OBX must be negotiated between trading partners to uniquely identify the OBX segment. Depending on how V2 has been implemented each of these may be an option: 1) OBR-3 + OBX-3 + OBX-4 or 2) OBR-3 + OBR-4 + OBX-3 + OBX-4 or 2) some other way to uniquely ID the OBR/ORC + OBX-3 + OBX-4.","id","FiveWs.identifier"
"Observation.basedOn","Observation.basedOn","","Fulfills
","",0,*,"","","Y","Reference {[]} {[CanonicalType[https://twcore.mohw.gov.tw/ig/twcore/StructureDefinition/CarePlan-twcore], CanonicalType[http://hl7.org/fhir/StructureDefinition/DeviceRequest], CanonicalType[http://hl7.org/fhir/StructureDefinition/ImmunizationRecommendation], CanonicalType[https://twcore.mohw.gov.tw/ig/twcore/StructureDefinition/MedicationRequest-twcore], CanonicalType[http://hl7.org/fhir/StructureDefinition/NutritionOrder], CanonicalType[https://twcore.mohw.gov.tw/ig/twcore/StructureDefinition/ServiceRequest-twcore]]}
","依據的照護計畫／提議／醫令","依據的計劃、提議或醫令或其部分要求進行檢驗檢查。例如：一個MedicationRequest可能要求給病人藥之前要先進行實驗室檢查。","","允許授權追踪檢驗檢查事件並追踪提議／建議是否有落實","","","","","","","",,,,,"",,,,"Observation.basedOn",0,*,"","ele-1:All FHIR elements must have a @value or children {hasValue() or (children().count() > id.count())}
","Event.basedOn","ORC",".inboundRelationship[typeCode=COMP].source[moodCode=EVN]"
"Observation.partOf","Observation.partOf","","Container
","",0,*,"","","Y","Reference {[]} {[CanonicalType[http://hl7.org/fhir/StructureDefinition/MedicationAdministration], CanonicalType[https://twcore.mohw.gov.tw/ig/twcore/StructureDefinition/MedicationDispense-twcore], CanonicalType[https://twcore.mohw.gov.tw/ig/twcore/StructureDefinition/MedicationStatement-twcore], CanonicalType[https://twcore.mohw.gov.tw/ig/twcore/StructureDefinition/Procedure-twcore], CanonicalType[https://twcore.mohw.gov.tw/ig/twcore/StructureDefinition/Immunization-twcore], CanonicalType[https://twcore.mohw.gov.tw/ig/twcore/StructureDefinition/ImagingStudy-twcore]]}
","此檢驗檢查是哪個參照事件的一部分","此特定的檢驗檢查（Observation）是一個更大事件中的一個組成或步驟。例如：一項處置裡的一項檢驗檢查。","使用encounter將一個檢驗檢查（Observation）與一個就醫（Encounter）連結起來。關於參照另一個Observation的作法，請參閱下面的Notes小節。","","","","","","","","",,,,,"",,,,"Observation.partOf",0,*,"","ele-1:All FHIR elements must have a @value or children {hasValue() or (children().count() > id.count())}
","Event.partOf","Varies by domain",".outboundRelationship[typeCode=FLFS].target"
"Observation.status","Observation.status","","","",1,1,"Y","Y","Y","code {[]} {[]}
","registered ｜ preliminary ｜ final ｜ amended +","結果值的狀態","這個資料項目被標記為修飾語／修飾用，因為附加到其他文件上的文件，其本身是不完整的文件。","需要追踪單個結果狀態，有些結果在整個報告確定之前就已經確定了。","","","","<valueCode xmlns=""http://hl7.org/fhir"" value=""final""/>","","","",,"required","檢驗檢查的狀態代碼；應填入所綁定值集中的其中一個代碼。","http://hl7.org/fhir/ValueSet/observation-status|4.0.1","",,,,"Observation.status",1,1,"","ele-1:All FHIR elements must have a @value or children {hasValue() or (children().count() > id.count())}
","Event.status","< 445584004 |Report by finality status|","OBX-11","status  Amended & Final are differentiated by whether it is the subject of a ControlAct event with a type of ""revise""","FiveWs.status"
"Observation.category","Observation.category","","","",1,*,"Y","","","CodeableConcept {[CanonicalType[https://twcore.mohw.gov.tw/ig/twcore/StructureDefinition/CodeableConcept-tw]]} {[]}
","概念（concept）－參照一個專門術語或只是純文字。","可以正式參照一個專門術語或本體論來定義一個概念，或者也可以文字表述此概念。","並非所有的專門術語使用都符合這個一般模式。在某些情況下，資料模型不應該使用CodeableConcept而應直接使用Coding，並提供他們自己的結構來管理text、codings、translation、資料項目之間的關係、以及先組合配對／前組合式（pre-coordination）和後組合配對／後組合式（post-coordination）。","用於篩選取得及顯示之檢驗檢查","","","","","","","",,"preferred","高層次的檢驗檢查分類；鼓勵使用所綁定值集中的代碼，但不強制一定要使用此值集，你也可使用其他值集的代碼或單純以文字表示。","http://hl7.org/fhir/ValueSet/observation-category","","pattern:$this}
","",,"open","Observation.category",0,*,"","ele-1:All FHIR elements must have a @value or children {hasValue() or (children().count() > id.count())}
",".outboundRelationship[typeCode=""COMP].target[classCode=""LIST"", moodCode=""EVN""].code","FiveWs.class"
"Observation.category:twcore","Observation.category","twcore","","",0,*,"Y","","","CodeableConcept {[]} {[]}
","Classification of  type of observation","A code that classifies the general type of observation being made.","In addition to the required category valueset, this element allows various categorization schemes based on the owner’s definition of the category and effectively multiple categories can be used at once.  The level of granularity is defined by the category concepts in the value set.","Used for filtering what observations are retrieved and displayed.","","","","","","","",,"required","此slice綁定的值集之綁定強度雖為最高強度「要求使用(Requird)」，但因slice之特性，其不會限制僅能填此值集中的代碼，故在實作時也可使用其他值集的代碼。","https://twcore.mohw.gov.tw/ig/twcore/ValueSet/observation-clinical-result-category","",,,,"Observation.category",0,*,"","ele-1:All FHIR elements must have a @value or children {hasValue() or (children().count() > id.count())}
",".outboundRelationship[typeCode=""COMP].target[classCode=""LIST"", moodCode=""EVN""].code","FiveWs.class"
"Observation.code","Observation.code","","Name
","",1,1,"Y","","Y","CodeableConcept {[CanonicalType[https://twcore.mohw.gov.tw/ig/twcore/StructureDefinition/CodeableConcept-tw]]} {[]}
","概念（concept）－參照一個專門術語或只是純文字。","可以透過正式參照一個專門術語或本體論來定義一個概念，或者也可以文字表述此概念。","並非所有的專門術語使用都符合這個一般模式。在某些情況下，資料模型不應該使用CodeableConcept而應直接使用Coding，並提供他們自己的結構來管理text、codings、translation、資料項目之間的關係、以及先組合配對／前組合式（pre-coordination）和後組合配對／後組合式（post-coordination）。","知道正在進行的是哪種檢驗檢查是理解檢驗檢查的關鍵","","","","<valueCodeableConcept xmlns=""http://hl7.org/fhir"">
  <coding>
    <system value=""http://loinc.org""/>
    <code value=""29545-1""/>
    <display value=""Physical findings Narrative""/>
  </coding>
</valueCodeableConcept>","","","",,"extensible","鼓勵使用所綁定值集中的代碼，但不強制一定要使用此值集，你也可使用其他值集的代碼或單純以文字表示。","http://hl7.org/fhir/ValueSet/observation-codes","",,,,"Observation.code",1,1,"","ele-1:All FHIR elements must have a @value or children {hasValue() or (children().count() > id.count())}
","Event.code","< 363787002 |Observable entity| OR < 386053000 |Evaluation procedure|","OBX-3","code","FiveWs.what[x]","116680003 |Is a|"
"Observation.code.id","Observation.code.id","","","",0,1,"","","","string {[]} {[]}
","唯一可識別ID，以供資料項目間相互參照。","resource中資料項目的唯一ID（用於內部參照）。這可以是任何不含空格的字串。","","","","","","","","","",,,,,"",,,,"Element.id",0,1,"","","n/a"
"Observation.code.extension","Observation.code.extension","","","",0,*,"","","","Extension {[]} {[]}
","擴充的資料項目","擴充的資料項目","","","","","","","","","",,,,,"","value:url}
","Extensions are always sliced by (at least) url",,"open","Element.extension",0,*,"","ele-1:All FHIR elements must have a @value or children {hasValue() or (children().count() > id.count())}
ext-1:Must have either extensions or value[x], not both {extension.exists() != value.exists()}"
"Observation.code.coding","Observation.code.coding","","","",0,*,"Y","","Y","Coding {[CanonicalType[https://twcore.mohw.gov.tw/ig/twcore/StructureDefinition/Coding-tw]]} {[]}
","由專門術語系統（terminology system）定義的代碼","由專門術語系統（terminology system）所定義之代碼的參照。","代碼可以在列舉清單（enumerations）或代碼清單（code lists）中非常隨意地定義，直至有非常正式的定義，如SNOMED CT—更多資訊見HL7 v3核心原則（Core Principles）。編碼的排序是未定義的因而 **必須沒有（SHALL NOT）** 被用來推斷意義。一般來說，最多只有一個編碼值（coding values）會被標記為UserSelected = true。","允許使用者在不知道識別碼系統的情況下利用識別碼","","","","","","","",,,,,"",,,,"CodeableConcept.coding",0,*,"","ele-1:All FHIR elements must have a @value or children {hasValue() or (children().count() > id.count())}
","C*E.1-8, C*E.10-22","union(., ./translation)"
"Observation.code.text","Observation.code.text","","","",0,1,"Y","","Y","string {[]} {[]}
","概念的文字表示法","輸入資料的使用者所見／所選／所說的人類可讀文字表述，和（或）其代表使用者的預期含義。","很多時候，此文字表述與其中一個代碼的顯示名稱相同。","專門術語中的代碼並不總是能捕捉人類使用的細微差別的正確意義，或者根本就沒有合適的代碼；這些情況下，文字表述被用來捕捉來源的全部意義。","","","","","","","",,,,,"",,,,"CodeableConcept.text",0,1,"","ele-1:All FHIR elements must have a @value or children {hasValue() or (children().count() > id.count())}
","C*E.9. But note many systems use C*E.2 for this","./originalText[mediaType/code=""text/plain""]/data"
"Observation.subject","Observation.subject","","","",1,1,"Y","","Y","Reference {[]} {[CanonicalType[https://twcore.mohw.gov.tw/ig/twha/StructureDefinition/TWHA-Patient]]}
","檢驗檢查有關的對象及（或）事物","此檢驗檢查是關於一位病人、一群病人、地點、或設備。如果檢驗檢查的實際焦點與對象（或其樣本、其部分或其區域）不同，則焦點資料項目或代碼本身會具體說明檢驗檢查的實際焦點。","人們期望這個資料項目的cardinality為1...1。唯一可能缺少對象的情況是當檢驗檢查是由一個不認識病人的設備進行的。在這種情況下，應透過一些情境／通道對應（context／channel matching）技術將檢驗檢查與病人對應，此時，應更新檢驗檢查資訊。","如果你不知道他們是誰或關於什麼，檢驗檢查不會有值。","","","","","","","",,,,,"",,,,"Observation.subject",0,1,"","ele-1:All FHIR elements must have a @value or children {hasValue() or (children().count() > id.count())}
","Event.subject","PID-3","participation[typeCode=RTGT]","FiveWs.subject[x]","FiveWs.subject"
"Observation.focus","Observation.focus","","","",0,*,"","","Y","Reference {[]} {[CanonicalType[http://hl7.org/fhir/StructureDefinition/Resource|4.0.1]]}
","當檢驗檢查並非有關於與病人本身，檢驗檢查是關於什麼。","檢驗檢查的實際焦點，當它不是記錄病人時，代表是與病人有關的事物或人，如配偶、父母、胎兒或捐贈者。例如：母親的記錄中有關胎兒檢驗檢查。檢驗檢查的焦點也可以是現有的狀況、疾病或問題（condition）、介入（intervention）、此對象的飲食、對此對象的另一項檢驗檢查，或身體結構像是腫瘤或植入裝置。有一個案例是使用Observation Resource來取得母親是否已接受更換她的小孩的氣管插管訓練之資訊，在這個例子中，孩子是此記錄的病人，而母親是focus。","通常檢驗檢查的對象是一位病人或一群病人、地點或設備，檢驗檢查對象與直接測量內容之間的區別在observation.code已具體說明（例如： 「血糖」），不需要使用這個資料項目（focus）單獨表示。如果需要參照檢體，則使用specimen，如果需要一個代碼而不是一個resource，則使用bodysite來表示bodysites或標準擴充focusCode。","","","","","","","","",,,,,"",,,,"Observation.focus",0,*,"","ele-1:All FHIR elements must have a @value or children {hasValue() or (children().count() > id.count())}
","OBX-3","participation[typeCode=SBJ]","FiveWs.subject[x]","FiveWs.subject"
"Observation.encounter","Observation.encounter","","Context
","",0,1,"Y","","Y","Reference {[]} {[CanonicalType[https://twcore.mohw.gov.tw/ig/twcore/StructureDefinition/Encounter-twcore]]}
","檢驗檢查是哪一次就醫時執行的","執行檢驗檢查的健康照護事件（例如：病人及健康照護提供人員的互動）","這通常指檢驗檢查發生於哪次就醫，但有些檢驗檢查可能是在就醫前或就醫後發生，但仍與就醫的情境有關（如入院前的實驗室檢驗檢查）。","對於某些檢驗檢查來說，知道某個檢驗檢查和某個特定的就醫事件之間的連結可能很重要。","","","","","","","",,,,,"",,,,"Observation.encounter",0,1,"","ele-1:All FHIR elements must have a @value or children {hasValue() or (children().count() > id.count())}
","Event.context","PV1","inboundRelationship[typeCode=COMP].source[classCode=ENC, moodCode=EVN]","FiveWs.context"
"Observation.effective[x]","Observation.effective[x]","","Occurrence
","",0,1,"Y","","Y","dateTime {[]} {[]}
Period {[]} {[]}Timing {[]} {[]}instant {[]} {[]}","檢驗檢查執行日期或時間區間","宣告檢驗檢查值的產出時間或時間區段是真的。對於生物學研究對象—例如病人—這通常被稱為「生理相關時間」。這通常是處置的時間或採樣的時間，但很多時候不知道日期或時間的來源，只知道日期或時間本身。","除非這是一份檢驗檢查的歷史報告，否則至少應該有一個日期。為了記錄不精確或「模煳」的時間（例如：測量「早餐後 」血糖），使用Timing datatype以允許測量能與常規生活事件連結。","知道一項檢驗檢查何時被認為是真的，對其相關性和確定趨勢都很重要。","","","","","","","",,,,,"",,,,"Observation.effective[x]",0,1,"","ele-1:All FHIR elements must have a @value or children {hasValue() or (children().count() > id.count())}
tw-core-3:Datetime must be at least to day. {$this is dateTime implies $this.toString().length() >= 10}","Event.occurrence[x]","OBX-14, and/or OBX-19 after v2.4  (depends on who observation made)","effectiveTime","FiveWs.done[x]"
"Observation.issued","Observation.issued","","","",0,1,"","","Y","instant {[]} {[]}
","此版本檢驗檢查完成的日期或時間","此版本的檢驗檢查資訊可供健康照護提供人員取得的日期和時間，通常是在結果被審查與核實之後。","對於不需要審查和核實的檢驗檢查值，發佈日期時間可能與resource本身的最後更新日期時間相同。對於需要對某些更新進行審查和核實的檢驗檢查，若為非臨床上的重要更新則不需要對新版本進行再次審查和驗證，所以發佈日期時間可能與resource本身的最後更新日期時間不一樣。","","","","","","","","",,,,,"",,,,"Observation.issued",0,1,"","ele-1:All FHIR elements must have a @value or children {hasValue() or (children().count() > id.count())}
","OBR.22 (or MSH.7), or perhaps OBX-19 (depends on who observation made)","participation[typeCode=AUT].time","FiveWs.recorded"
"Observation.performer","Observation.performer","","","",0,*,"","","Y","Reference {[]} {[CanonicalType[https://twcore.mohw.gov.tw/ig/twha/StructureDefinition/TWHA-Practitioner]]}
","誰負責這項檢驗檢查","誰負責宣告檢驗檢查結果值為「真的」","","可以對此檢驗檢查有一定程度的信任，並指出後續問題的方向。","","","","","","","",,,,,"",,,,"Observation.performer",0,*,"","ele-1:All FHIR elements must have a @value or children {hasValue() or (children().count() > id.count())}
","Event.performer.actor","OBX.15 / (Practitioner)  OBX-16,  PRT-5:PRT-4='RO' /  (Device)  OBX-18 , PRT-10:PRT-4='EQUIP' / (Organization)  OBX-23,  PRT-8:PRT-4='PO'","participation[typeCode=PRF]","FiveWs.actor"
"Observation.value[x]","Observation.value[x]","","","",0,1,"Y","","Y","Quantity {[]} {[]}
CodeableConcept {[]} {[]}string {[]} {[]}boolean {[]} {[]}integer {[]} {[]}Range {[]} {[]}Ratio {[]} {[]}SampledData {[]} {[]}time {[]} {[]}dateTime {[]} {[]}Period {[]} {[]}","檢驗檢查的實際結果","如果此資訊有一個簡單的值，則將其作為此項檢驗檢查的結果。","一項檢驗檢查可能有：（1）單一值、（2）一個值及一組相關或組成之檢驗檢查的多個值、或者（3）只有一組相關或組成之檢驗檢查的多個值。如果有一個值，這個資料項目的datatype應該由Observation.code決定。如果這個資料項目是編碼或者如果與Observation.code相關的type定義一個編碼值，那麼將使用只有文字表述的CodeableConcept來代替字串。若需要更多的說明，請參閱下面Notes小節。","通常一項檢驗檢查就會有一個值，雖然若它有錯誤或者它代表一組檢驗檢查可能不會有值。","","","","","","","",,,,,"",,,,"Observation.value[x]",0,1,"obs-7
","ele-1:All FHIR elements must have a @value or children {hasValue() or (children().count() > id.count())}
tw-core-5:SHALL use UCUM for coded quantity units. {ofType(Quantity).system.empty() or ofType(Quantity).system = 'http://unitsofmeasure.org'}","< 441742003 |Evaluation finding|","OBX.2, OBX.5, OBX.6","value","363714003 |Interprets|"
"Observation.dataAbsentReason","Observation.dataAbsentReason","","","",0,1,"Y","","","CodeableConcept {[CanonicalType[https://twcore.mohw.gov.tw/ig/twcore/StructureDefinition/CodeableConcept-tw]]} {[]}
","缺少檢驗檢查結果的原因","提供資料項目Observation.value[x]中的預期值缺少的原因","空值（Null）或例外值可以在FHIR Observations中以兩種方式表示，一種方法是簡單地將它們含括在值集中，並在值中表示例外。例如：血清檢測的測量值可以是「檢測到」、「未檢測到」、「不確定」或「檢測未完成」。

另一種方法是使用資料項目value呈現實際檢驗檢查值，並使用資料項目dataAbsentReason來明確記錄例外值。例如：當測量沒有完成，可使用dataAbsentReason代碼「error」。請注意，只有在有值的情況下，才可以報告檢驗檢查。例如：只有在>0的情況下才可能報告細胞計數的差值。由於有這些選項，所以需要有使用案例協議（use-case agreements）來解釋一般檢驗檢查的例外值。","對於許多結果，必須處理測量中的異常值。","","","","","","","",,"extensible","代碼具體說明檢驗檢查結果缺少的原因；應填入所綁定值集中適合的代碼，確定無適合的代碼才可以使用其他值集的代碼來表示。","http://hl7.org/fhir/ValueSet/data-absent-reason","",,,,"Observation.dataAbsentReason",0,1,"obs-6
","ele-1:All FHIR elements must have a @value or children {hasValue() or (children().count() > id.count())}
","N/A","value.nullFlavor"
"Observation.interpretation","Observation.interpretation","","Abnormal Flag
","",0,*,"","","","CodeableConcept {[]} {[]}
","高、低、正常等","對一項檢驗檢查值的分類評估，例如：高、低、正常。","歷史上用於實驗室結果【被稱為 「異常標記（abnormal flag）」】，它的使用延伸到其他與編碼解釋有關的使用情況中。通常報告為一個或多個簡單的緊密碼（compact code，一種可以解譯且具有最小平均字長的唯一資料代碼），這個資料項目經常被放置在報告和流程表的結果值的旁邊，以表示結果的意義或正常狀態。","對於某些結果，特別是數值結果，需有一個解釋以便完全理解結果之意義。","","","","","","","",,"extensible","代碼指明檢驗檢查結果的解釋；應填入所綁定值集中適合的代碼，確定無適合的代碼才可以使用其他值集的代碼來表示。","http://hl7.org/fhir/ValueSet/observation-interpretation","",,,,"Observation.interpretation",0,*,"","ele-1:All FHIR elements must have a @value or children {hasValue() or (children().count() > id.count())}
","< 260245000 |Findings values|","OBX-8","interpretationCode","363713009 |Has interpretation|"
"Observation.note","Observation.note","","","",0,*,"","","","Annotation {[]} {[]}
","關於此檢驗檢查之解說","關於檢驗檢查或結果的解說","可包括關於檢驗檢查的一般陳述，或關於重要的、非預期的或不可靠的結果值的陳述，或與資料項目interpretation有關的來源資訊。","需能提供純文字表述的附加資訊","","","","","","","",,,,,"",,,,"Observation.note",0,*,"","ele-1:All FHIR elements must have a @value or children {hasValue() or (children().count() > id.count())}
","NTE.3 (partner NTE to OBX, or sometimes another (child?) OBX)","subjectOf.observationEvent[code=""annotation""].value"
"Observation.bodySite","Observation.bodySite","","","",0,1,"","","","CodeableConcept {[]} {[]}
","接受檢驗檢查的身體部位。此為SNOMED CT代碼，若機構已有購買相關授權，亦可使用。","表示在檢驗檢查對象身上進行檢驗檢查的部位（即目標部位）","只有在Observation.code中的代碼未隱含時才會使用。在許多系統中，這可能被表示為一個相關的檢驗檢查，而不是一個行內的組成之檢驗檢查（inline component）。

如果使用案例（use-case）要求將BodySite作為一個單獨的resource來處理（例如：單獨指明和追踪），那麼就使用標準的資料項目擴充方式來擴充bodySite。","","","","","","","","",,"example","代碼說明解剖學位置，可能包含側邊；應填入所綁定值集中適合的代碼，確定無適合的代碼才可以使用其他值集的代碼來表示。","http://hl7.org/fhir/ValueSet/body-site","",,,,"Observation.bodySite",0,1,"","ele-1:All FHIR elements must have a @value or children {hasValue() or (children().count() > id.count())}
","< 123037004 |Body structure|","OBX-20","targetSiteCode","718497002 |Inherent location|"
"Observation.method","Observation.method","","","",0,1,"","","","CodeableConcept {[]} {[]}
","此檢驗檢查使用何種方法完成","指明用於執行檢驗檢查的機制","只有在Observation.code中的代碼未隱含此資料項目概念時才會使用。","在某些情況下，方法會影響結果，因此用於確認結果是否可以比較或確認結果的顯著性（significance）。","","","","","","","",,"example","檢驗檢查的方法；應填入所綁定值集中適合的代碼，確定無適合的代碼才可以使用其他值集的代碼來表示。","http://hl7.org/fhir/ValueSet/observation-methods","",,,,"Observation.method",0,1,"","ele-1:All FHIR elements must have a @value or children {hasValue() or (children().count() > id.count())}
","OBX-17","methodCode"
"Observation.specimen","Observation.specimen","","","",0,1,"","","","Reference {[]} {[CanonicalType[https://twcore.mohw.gov.tw/ig/twcore/StructureDefinition/Specimen-twcore]]}
","此檢驗檢查的檢體","進行這項檢驗檢查時使用的檢體","只有在Observation.code中的代碼未隱含此資料項目概念時才會使用。
檢驗檢查不是針對檢體本身進行，而是針對對象，但在很多情況下是透過檢體的方式進行檢驗檢查。請注意，雖然經常涉及到檢體，但並不總是明確地對其進行追踪和報告。還要注意的是Observation resources可在明確追踪檢體的情境下使用（例如：Diagnostic Report）。","","","","","","","","",,,,,"",,,,"Observation.specimen",0,1,"","ele-1:All FHIR elements must have a @value or children {hasValue() or (children().count() > id.count())}
","< 123038009 |Specimen|","SPM segment","participation[typeCode=SPC].specimen","704319004 |Inherent in|"
"Observation.device","Observation.device","","","",0,1,"","","","Reference {[]} {[CanonicalType[http://hl7.org/fhir/StructureDefinition/Device|4.0.1], CanonicalType[http://hl7.org/fhir/StructureDefinition/DeviceMetric|4.0.1]]}
","（測量）設備","用於產生檢驗檢查資料的設備","請注意，這不是用來表示結果傳輸的設備，例如：閘道器（gateway）等可在相關情況下使用 Provenance resource進行記錄。","","","","","","","","",,,,,"",,,,"Observation.device",0,1,"","ele-1:All FHIR elements must have a @value or children {hasValue() or (children().count() > id.count())}
","< 49062001 |Device|","OBX-17 / PRT -10","participation[typeCode=DEV]","424226004 |Using device|"
"Observation.referenceRange","Observation.referenceRange","","","",0,*,"","","","BackboneElement {[]} {[]}
","解釋結果值的指引。
obs-3：必須至少有低、高或文字表述。","指導如何透過與正常或建議範圍值的比較來解釋此值。多個參考範圍值以「OR」解釋。換句話說，為了代表兩個不同的目標人群，將使用兩個referenceRange資料項目。","大多數檢驗檢查只有一個通用的參考範圍值。系統 **可能可以（MAY）** 選擇限制只提供病人的相關參考範圍值（例如：具體的病人年齡、性別、體重和其他因素），但這可能是不可能的或也不合適。只要提供了一個以上的參考範圍值，就 **建議應該（SHOULD）** 提供不同年齡的參考範圍值差異。","知道什麼值被認為是「正常的」，可以幫助評估某一特定結果的意義。需要能夠為不同的情境提供多個參考範圍值。","","","","","","","",,,,,"",,,,"Observation.referenceRange",0,*,"","ele-1:All FHIR elements must have a @value or children {hasValue() or (children().count() > id.count())}
obs-3:Must have at least a low or a high or text {low.exists() or high.exists() or text.exists()}","OBX.7","outboundRelationship[typeCode=REFV]/target[classCode=OBS, moodCode=EVN]"
"Observation.referenceRange.id","Observation.referenceRange.id","","","",0,1,"","","","string {[]} {[]}
","Unique id for inter-element referencing","Unique id for the element within a resource (for internal references). This may be any string value that does not contain spaces.","","","","","","","","","",,,,,"",,,,"Element.id",0,1,"","","n/a"
"Observation.referenceRange.extension","Observation.referenceRange.extension","","extensions
user content","",0,*,"","","","Extension {[]} {[]}
","Additional content defined by implementations","May be used to represent additional information that is not part of the basic definition of the element. To make the use of extensions safe and manageable, there is a strict set of governance  applied to the definition and use of extensions. Though any implementer can define an extension, there is a set of requirements that SHALL be met as part of the definition of the extension.","There can be no stigma associated with the use of extensions by any application, project, or standard - regardless of the institution or jurisdiction that uses or defines the extensions.  The use of extensions is what allows the FHIR specification to retain a core level of simplicity for everyone.","","","","","","","","",,,,,"",,,,"Element.extension",0,*,"","ele-1:All FHIR elements must have a @value or children {hasValue() or (children().count() > id.count())}
ext-1:Must have either extensions or value[x], not both {extension.exists() != value.exists()}","n/a"
"Observation.referenceRange.modifierExtension","Observation.referenceRange.modifierExtension","","extensions
user contentmodifiers","",0,*,"","Y","Y","Extension {[]} {[]}
","Extensions that cannot be ignored even if unrecognized","May be used to represent additional information that is not part of the basic definition of the element and that modifies the understanding of the element in which it is contained and/or the understanding of the containing element's descendants. Usually modifier elements provide negation or qualification. To make the use of extensions safe and manageable, there is a strict set of governance applied to the definition and use of extensions. Though any implementer can define an extension, there is a set of requirements that SHALL be met as part of the definition of the extension. Applications processing a resource are required to check for modifier extensions.

Modifier extensions SHALL NOT change the meaning of any elements on Resource or DomainResource (including cannot change the meaning of modifierExtension itself).","There can be no stigma associated with the use of extensions by any application, project, or standard - regardless of the institution or jurisdiction that uses or defines the extensions.  The use of extensions is what allows the FHIR specification to retain a core level of simplicity for everyone.","Modifier extensions allow for extensions that *cannot* be safely ignored to be clearly distinguished from the vast majority of extensions which can be safely ignored.  This promotes interoperability by eliminating the need for implementers to prohibit the presence of extensions. For further information, see the [definition of modifier extensions](http://hl7.org/fhir/R4/extensibility.html#modifierExtension).","","","","","","","",,,,,"",,,,"BackboneElement.modifierExtension",0,*,"","ele-1:All FHIR elements must have a @value or children {hasValue() or (children().count() > id.count())}
ext-1:Must have either extensions or value[x], not both {extension.exists() != value.exists()}","N/A"
"Observation.referenceRange.low","Observation.referenceRange.low","","","",0,1,"","","","Quantity {[CanonicalType[http://hl7.org/fhir/StructureDefinition/SimpleQuantity|4.0.1]]} {[]}
","參考範圍值的下限值，如果相關。","參考範圍值的下限值。參考範圍值endpoint的下限值包含在此值中（例如：參考範圍值是>=5 - <=9）。如果省略下限值，則被認為是沒有意義的（例如：參考範圍值是<=2.3）。","","","","","","","","","",,,,,"",,,,"Observation.referenceRange.low",0,1,"obs-3
","ele-1:All FHIR elements must have a @value or children {hasValue() or (children().count() > id.count())}
","OBX-7","value:IVL_PQ.low"
"Observation.referenceRange.high","Observation.referenceRange.high","","","",0,1,"","","","Quantity {[CanonicalType[http://hl7.org/fhir/StructureDefinition/SimpleQuantity|4.0.1]]} {[]}
","參考範圍值的上限值，如果相關。","參考範圍值的下限值。參考範圍值endpoint的下限值包含在此值中（例如：參考範圍值是>=5 - <=9）。如果省略下限值，則被認為是沒有意義的（例如：參考範圍值是<=2.3）。","","","","","","","","","",,,,,"",,,,"Observation.referenceRange.high",0,1,"obs-3
","ele-1:All FHIR elements must have a @value or children {hasValue() or (children().count() > id.count())}
","OBX-7","value:IVL_PQ.high"
"Observation.referenceRange.type","Observation.referenceRange.type","","","",0,1,"","","","CodeableConcept {[]} {[]}
","參考範圍值的限定詞","代碼表明適用的目標人群，例如：正常值或治療範圍值。","如果有一個以上的範圍值，此資料項目 **建議應該（SHOULD）** 填寫。如果這個資料項目不存在，則假定是正常範圍值。","需要能夠說出這是什麼樣的參考範圍值：正常的、建議的、治療的等，以便正確解釋。","","","","","","","",,"preferred","用以表述參考範圍值之含意的代碼；鼓勵使用所綁定值集中的代碼，但不強制一定要使用此值集，你也可使用其他值集的代碼或單純以文字表示。","http://hl7.org/fhir/ValueSet/referencerange-meaning","",,,,"Observation.referenceRange.type",0,1,"","ele-1:All FHIR elements must have a @value or children {hasValue() or (children().count() > id.count())}
","< 260245000 |Findings values| OR  < 365860008 |General clinical state finding| OR < 250171008 |Clinical history or observation findings| OR  < 415229000 |Racial group| OR < 365400002 |Finding of puberty stage| OR< 443938003 |Procedure carried out on subject|","OBX-10","interpretationCode"
"Observation.referenceRange.appliesTo","Observation.referenceRange.appliesTo","","","",0,*,"","","","CodeableConcept {[]} {[]}
","參考範圍值是用適用的對象或人口群","代碼表明此參考範圍值所適用的目標人群，例如：一個參考範圍值可能是一般人群或特定的性別或種族。多個適用對象需以「AND」解釋目標人群。例如：為了表示一個非裔美國人女性的目標人群，將同時使用女性的代碼和非裔美國人的代碼。","如果有一個以上的範圍值，此資料項目 **建議應該（SHOULD）** 填寫。如果這個資料項目不存在，則假定是正常範圍值。","需要能夠指明目標人群以進行適當的解釋。","","","","","","","",,"example","用以指明參考範圍值適用的對象或人口群之代碼；可參考所綁定代碼表，但此代碼表只是針對這個欄位的一個可能值的示例，不預期也不鼓勵使用者一定要使用此代碼表的代碼代碼表中的代碼。","http://hl7.org/fhir/ValueSet/referencerange-appliesto","",,,,"Observation.referenceRange.appliesTo",0,*,"","ele-1:All FHIR elements must have a @value or children {hasValue() or (children().count() > id.count())}
","< 260245000 |Findings values| OR  < 365860008 |General clinical state finding| OR < 250171008 |Clinical history or observation findings| OR  < 415229000 |Racial group| OR < 365400002 |Finding of puberty stage| OR< 443938003 |Procedure carried out on subject|","OBX-10","interpretationCode"
"Observation.referenceRange.age","Observation.referenceRange.age","","","",0,1,"","","","Range {[]} {[]}
","適用的年齡範圍值，如果相關。","此參考範圍值適用的年齡，如果意思是說足月時的週數，這就是指新生兒年齡。","","有些分析隨著年齡的增長變化很大","","","","","","","",,,,,"",,,,"Observation.referenceRange.age",0,1,"","ele-1:All FHIR elements must have a @value or children {hasValue() or (children().count() > id.count())}
","outboundRelationship[typeCode=PRCN].targetObservationCriterion[code=""age""].value"
"Observation.referenceRange.text","Observation.referenceRange.text","","","",0,1,"","","","string {[]} {[]}
","檢驗檢查中以文字表述的參考範圍值","檢驗檢查中以文字表述的參考範圍值，可在不適合以定量範圍值呈現某項檢驗檢查時使用。例如：「陰性」的參照值或 「正常」的清單／列表。","","","","","","","","","",,,,,"",,,,"Observation.referenceRange.text",0,1,"","ele-1:All FHIR elements must have a @value or children {hasValue() or (children().count() > id.count())}
","OBX-7","value:ST"
"Observation.hasMember","Observation.hasMember","","","",0,*,"","","Y","Reference {[]} {[CanonicalType[http://hl7.org/fhir/StructureDefinition/Observation], CanonicalType[https://twcore.mohw.gov.tw/ig/twcore/StructureDefinition/QuestionnaireResponse-twcore], CanonicalType[http://hl7.org/fhir/StructureDefinition/MolecularSequence]]}
","屬於此組檢驗檢查的相關Resource","這項檢驗檢查是一組檢驗檢查，例如：一個套組（battery）、一個檢驗套組（panel）或一組生命徵象測量，其組成的檢驗檢查為此資料項目的目標resource。","使用這個資料項目時，一項檢驗檢查通常會有一個值或者一組相關的resources，儘管在某些情況下兩者都可能存在。有關討論如何將Observations組合在一起的方法，請參閱下面的Notes小節。請注意，系統可能針對問卷調查的結果（ QuestionnaireResponse）計算成一個最終的分數，並將這個分數表示為一個Observation。","","","","","","","","",,,,,"",,,,"Observation.hasMember",0,*,"","ele-1:All FHIR elements must have a @value or children {hasValue() or (children().count() > id.count())}
","Relationships established by OBX-4 usage","outBoundRelationship"
"Observation.derivedFrom","Observation.derivedFrom","","","",0,*,"","","Y","Reference {[]} {[CanonicalType[https://twcore.mohw.gov.tw/ig/twcore/StructureDefinition/DocumentReference-twcore], CanonicalType[https://twcore.mohw.gov.tw/ig/twcore/StructureDefinition/ImagingStudy-twcore], CanonicalType[https://twcore.mohw.gov.tw/ig/twcore/StructureDefinition/Media-twcore], CanonicalType[https://twcore.mohw.gov.tw/ig/twcore/StructureDefinition/QuestionnaireResponse-twcore], CanonicalType[http://hl7.org/fhir/StructureDefinition/Observation], CanonicalType[http://hl7.org/fhir/StructureDefinition/MolecularSequence]]}
","檢驗檢查源自哪些相關測量","目標resource為一種測量，此檢驗檢查就是從那個測量中得出。例如：陰離子間隙（an anion gap）或胎兒的測量值是從超音波影像計算而得。","在這個資料項目中列出可以代表臨床檢檢查和其他測量的所有參照選項，可能是衍生值的來源。最常見參照另一個Observation，關於Observations如何組合在一起的討論，請參閱下面的Notes小節。","","","","","","","","",,,,,"",,,,"Observation.derivedFrom",0,*,"","ele-1:All FHIR elements must have a @value or children {hasValue() or (children().count() > id.count())}
","Relationships established by OBX-4 usage",".targetObservation"
"Observation.component","Observation.component","","","",1,*,"","","Y","BackboneElement {[]} {[]}
","組成之（部分）檢驗檢查的檢驗結果","有有些檢驗檢查有多個組成之檢驗檢查，這些組成之檢驗檢查被表達為具有相同屬性的獨立的代碼值對（code value pair）。例子包括血壓測量的收縮壓和舒張壓即為組成之檢驗檢查（component observations），以及遺傳學檢驗檢查的多個組成之檢驗檢查。","有關如何組合Observations的方法討論，請參閱下面的Notes小節。","組成之檢驗檢查在Obsrvation resource中與主要檢驗檢查共享相同的屬性，並且總是被視為單個檢驗檢查的一部分（它們是不可分離的）。然而，主要檢驗檢查的參考範圍值並不被組成之檢驗檢查所繼承，在適當的時候需給予每項組成之檢驗檢查參考範圍值。","","","","","","","",,,,,"","value:code}
","",,"open","Observation.component",0,*,"","ele-1:All FHIR elements must have a @value or children {hasValue() or (children().count() > id.count())}
","containment by OBX-4?","outBoundRelationship[typeCode=COMP]"
"Observation.component.id","Observation.component.id","","","",0,1,"","","","string {[]} {[]}
","Unique id for inter-element referencing","Unique id for the element within a resource (for internal references). This may be any string value that does not contain spaces.","","","","","","","","","",,,,,"",,,,"Element.id",0,1,"","","n/a"
"Observation.component.extension","Observation.component.extension","","extensions
user content","",0,*,"","","","Extension {[]} {[]}
","Additional content defined by implementations","May be used to represent additional information that is not part of the basic definition of the element. To make the use of extensions safe and manageable, there is a strict set of governance  applied to the definition and use of extensions. Though any implementer can define an extension, there is a set of requirements that SHALL be met as part of the definition of the extension.","There can be no stigma associated with the use of extensions by any application, project, or standard - regardless of the institution or jurisdiction that uses or defines the extensions.  The use of extensions is what allows the FHIR specification to retain a core level of simplicity for everyone.","","","","","","","","",,,,,"",,,,"Element.extension",0,*,"","ele-1:All FHIR elements must have a @value or children {hasValue() or (children().count() > id.count())}
ext-1:Must have either extensions or value[x], not both {extension.exists() != value.exists()}","n/a"
"Observation.component.modifierExtension","Observation.component.modifierExtension","","extensions
user contentmodifiers","",0,*,"","Y","Y","Extension {[]} {[]}
","Extensions that cannot be ignored even if unrecognized","May be used to represent additional information that is not part of the basic definition of the element and that modifies the understanding of the element in which it is contained and/or the understanding of the containing element's descendants. Usually modifier elements provide negation or qualification. To make the use of extensions safe and manageable, there is a strict set of governance applied to the definition and use of extensions. Though any implementer can define an extension, there is a set of requirements that SHALL be met as part of the definition of the extension. Applications processing a resource are required to check for modifier extensions.

Modifier extensions SHALL NOT change the meaning of any elements on Resource or DomainResource (including cannot change the meaning of modifierExtension itself).","There can be no stigma associated with the use of extensions by any application, project, or standard - regardless of the institution or jurisdiction that uses or defines the extensions.  The use of extensions is what allows the FHIR specification to retain a core level of simplicity for everyone.","Modifier extensions allow for extensions that *cannot* be safely ignored to be clearly distinguished from the vast majority of extensions which can be safely ignored.  This promotes interoperability by eliminating the need for implementers to prohibit the presence of extensions. For further information, see the [definition of modifier extensions](http://hl7.org/fhir/R4/extensibility.html#modifierExtension).","","","","","","","",,,,,"",,,,"BackboneElement.modifierExtension",0,*,"","ele-1:All FHIR elements must have a @value or children {hasValue() or (children().count() > id.count())}
ext-1:Must have either extensions or value[x], not both {extension.exists() != value.exists()}","N/A"
"Observation.component.code","Observation.component.code","","","",1,1,"","","Y","CodeableConcept {[]} {[]}
","組成之檢驗檢查的型別（代碼／型別）","描述所觀察到的情況，有時這被稱為檢驗檢查「代碼」。","所有的code-value和component.code-component.value都需要考慮到，以正確理解檢驗檢查的意義。","知道正在進行的是哪種檢驗檢查是理解檢驗檢查的關鍵","","","","","","","",,"example","代碼指明檢驗檢查的名稱；可參考LOINCCodes值集，但此值集只是針對這個欄位的一個可能值的範例，不預期也不鼓勵使用者一定要使用此值集的代碼。","http://hl7.org/fhir/ValueSet/observation-codes","",,,,"Observation.component.code",1,1,"","ele-1:All FHIR elements must have a @value or children {hasValue() or (children().count() > id.count())}
","< 363787002 |Observable entity| OR < 386053000 |Evaluation procedure|","OBX-3","code","FiveWs.what[x]"
"Observation.component.value[x]","Observation.component.value[x]","","","",0,1,"","","Y","Quantity {[]} {[]}
CodeableConcept {[]} {[]}string {[]} {[]}boolean {[]} {[]}integer {[]} {[]}Range {[]} {[]}Ratio {[]} {[]}SampledData {[]} {[]}time {[]} {[]}dateTime {[]} {[]}Period {[]} {[]}","組成之檢驗檢查的實際結果","如果資訊中帶有一個值（simple value）則其可作為檢驗檢查的結果。","一項檢驗檢查可能有一個值（如Apgar評分）和組成之檢驗檢查值（Apgar評分所來自多項檢驗檢查）。如果有一個值，這個資料項目的datatype應該由Observation.code決定。如果這個資料項目是編碼或者如果與Observation.code相關的type定義一個編碼值，那麼將使用只有文字表述的CodeableConcept來代替字串。若需要更多的說明，請參閱下面Notes小節。","通常一項檢驗檢查就會有一個值，雖然若它有錯誤或者它代表一組檢驗檢查可能不會有值。","","","","","","","",,,,,"",,,,"Observation.component.value[x]",0,1,"","ele-1:All FHIR elements must have a @value or children {hasValue() or (children().count() > id.count())}
","363714003 |Interprets| < 441742003 |Evaluation finding|","OBX.2, OBX.5, OBX.6","value","363714003 |Interprets|"
"Observation.component.dataAbsentReason","Observation.component.dataAbsentReason","","","",0,1,"","","","CodeableConcept {[]} {[]}
","為什麼缺少組成之檢驗檢查結果","提供資料項目Observation.component.value[x]中的預期值缺少的原因","空值（Null）或例外值可以在FHIR Observations中以兩種方式表示，一種方法是簡單地將它們含括在值集中，並在值中表示例外。例如：血清檢測的測量值可以是「檢測到」、「未檢測到」、「不確定」或「檢測未完成」。

另一種方法是使用資料項目value呈現實際檢驗檢查值，並使用資料項目dataAbsentReason來明確記錄例外值。例如：當測量沒有完成，可使用dataAbsentReason代碼「error」。請注意，只有在有值的情況下，才可以報告檢驗檢查。例如：只有在>0的情況下才可能報告細胞計數的差值。由於有這些選項，所以需要有使用案例協議（use-case agreements）來解釋一般檢驗檢查的例外值。","對於許多結果，必須處理測量中的異常值。","","","","","","","",,"extensible","代碼指明為什麼結果（Observation.value[x]）缺少；應填入所綁定值集中適合的代碼，確定無適合的代碼才可以使用其他值集的代碼來表示。","http://hl7.org/fhir/ValueSet/data-absent-reason","",,,,"Observation.component.dataAbsentReason",0,1,"obs-6
","ele-1:All FHIR elements must have a @value or children {hasValue() or (children().count() > id.count())}
","N/A","value.nullFlavor"
"Observation.component.interpretation","Observation.component.interpretation","","Abnormal Flag
","",0,*,"","","","CodeableConcept {[]} {[]}
","高、低、正常等。","對一項檢驗檢查值的分類評估，例如：高、低、正常。","歷史上用於實驗室結果【被稱為 「異常標記（abnormal flag）」】，它的使用延伸到其他與編碼解釋有關的使用情況中。通常報告為一個或多個簡單的緊密碼（compact code，一種可以解譯且具有最小平均字長的唯一資料代碼），這個資料項目經常被放置在報告和流程表的結果值的旁邊，以表示結果的意義或正常狀態。","對於某些結果，特別是數值結果，需有一個解釋以便完全理解結果之意義。","","","","","","","",,"extensible","用以指明檢驗檢查的解釋之代碼。應填入所綁定值集中適合的代碼，確定無適合的代碼才可以使用其他值集的代碼來表示。","http://hl7.org/fhir/ValueSet/observation-interpretation","",,,,"Observation.component.interpretation",0,*,"","ele-1:All FHIR elements must have a @value or children {hasValue() or (children().count() > id.count())}
","< 260245000 |Findings values|","OBX-8","interpretationCode","363713009 |Has interpretation|"
"Observation.component.referenceRange","Observation.component.referenceRange","","","",0,*,"","","","null {[]} {[]}
","解釋此組成之檢驗驗查的結果值之指引","關於如何透過與正常值或建議範圍值的比較來解釋此值","大多數檢驗檢查只有一個通用的參考範圍值。系統 **可能可以（MAY）** 選擇限制只提供病人的相關參考範圍值（例如：具體的病人年齡、性別、體重和其他因素），但這可能是不可能的或也不合適。只要提供了一個以上的參考範圍值，就 **建議應該（SHOULD）** 提供不同年齡的參考範圍值差異。","知道什麼值被認為是「正常的」，可以幫助評估某一特定結果的意義。需要能夠為不同的情境提供多個參考範圍值。","","","","","","","",,,,,"",,,,"Observation.component.referenceRange",0,*,"","ele-1:All FHIR elements must have a @value or children {hasValue() or (children().count() > id.count())}
","OBX.7","outboundRelationship[typeCode=REFV]/target[classCode=OBS, moodCode=EVN]"
"Observation.component:systemExam","Observation.component","systemExam","","",1,*,"","","Y","BackboneElement {[]} {[]}
","組成之（部分）檢驗檢查的檢驗結果","有有些檢驗檢查有多個組成之檢驗檢查，這些組成之檢驗檢查被表達為具有相同屬性的獨立的代碼值對（code value pair）。例子包括血壓測量的收縮壓和舒張壓即為組成之檢驗檢查（component observations），以及遺傳學檢驗檢查的多個組成之檢驗檢查。","有關如何組合Observations的方法討論，請參閱下面的Notes小節。","組成之檢驗檢查在Obsrvation resource中與主要檢驗檢查共享相同的屬性，並且總是被視為單個檢驗檢查的一部分（它們是不可分離的）。然而，主要檢驗檢查的參考範圍值並不被組成之檢驗檢查所繼承，在適當的時候需給予每項組成之檢驗檢查參考範圍值。","","","","","","","",,,,,"",,,,"Observation.component",0,*,"","ele-1:All FHIR elements must have a @value or children {hasValue() or (children().count() > id.count())}
","containment by OBX-4?","outBoundRelationship[typeCode=COMP]"
"Observation.component:systemExam.id","Observation.component.id","","","",0,1,"","","","string {[]} {[]}
","Unique id for inter-element referencing","Unique id for the element within a resource (for internal references). This may be any string value that does not contain spaces.","","","","","","","","","",,,,,"",,,,"Element.id",0,1,"","","n/a"
"Observation.component:systemExam.extension","Observation.component.extension","","extensions
user content","",0,*,"","","","Extension {[]} {[]}
","Additional content defined by implementations","May be used to represent additional information that is not part of the basic definition of the element. To make the use of extensions safe and manageable, there is a strict set of governance  applied to the definition and use of extensions. Though any implementer can define an extension, there is a set of requirements that SHALL be met as part of the definition of the extension.","There can be no stigma associated with the use of extensions by any application, project, or standard - regardless of the institution or jurisdiction that uses or defines the extensions.  The use of extensions is what allows the FHIR specification to retain a core level of simplicity for everyone.","","","","","","","","",,,,,"",,,,"Element.extension",0,*,"","ele-1:All FHIR elements must have a @value or children {hasValue() or (children().count() > id.count())}
ext-1:Must have either extensions or value[x], not both {extension.exists() != value.exists()}","n/a"
"Observation.component:systemExam.modifierExtension","Observation.component.modifierExtension","","extensions
user contentmodifiers","",0,*,"","Y","Y","Extension {[]} {[]}
","Extensions that cannot be ignored even if unrecognized","May be used to represent additional information that is not part of the basic definition of the element and that modifies the understanding of the element in which it is contained and/or the understanding of the containing element's descendants. Usually modifier elements provide negation or qualification. To make the use of extensions safe and manageable, there is a strict set of governance applied to the definition and use of extensions. Though any implementer can define an extension, there is a set of requirements that SHALL be met as part of the definition of the extension. Applications processing a resource are required to check for modifier extensions.

Modifier extensions SHALL NOT change the meaning of any elements on Resource or DomainResource (including cannot change the meaning of modifierExtension itself).","There can be no stigma associated with the use of extensions by any application, project, or standard - regardless of the institution or jurisdiction that uses or defines the extensions.  The use of extensions is what allows the FHIR specification to retain a core level of simplicity for everyone.","Modifier extensions allow for extensions that *cannot* be safely ignored to be clearly distinguished from the vast majority of extensions which can be safely ignored.  This promotes interoperability by eliminating the need for implementers to prohibit the presence of extensions. For further information, see the [definition of modifier extensions](http://hl7.org/fhir/R4/extensibility.html#modifierExtension).","","","","","","","",,,,,"",,,,"BackboneElement.modifierExtension",0,*,"","ele-1:All FHIR elements must have a @value or children {hasValue() or (children().count() > id.count())}
ext-1:Must have either extensions or value[x], not both {extension.exists() != value.exists()}","N/A"
"Observation.component:systemExam.code","Observation.component.code","","","",1,1,"","","Y","CodeableConcept {[]} {[]}
","組成之檢驗檢查的型別（代碼／型別）","描述所觀察到的情況，有時這被稱為檢驗檢查「代碼」。","所有的code-value和component.code-component.value都需要考慮到，以正確理解檢驗檢查的意義。","知道正在進行的是哪種檢驗檢查是理解檢驗檢查的關鍵","","","","","","","",,"required","","https://twcore.mohw.gov.tw/ig/twha/ValueSet/VS-PhysicalExamSystems","",,,,"Observation.component.code",1,1,"","ele-1:All FHIR elements must have a @value or children {hasValue() or (children().count() > id.count())}
","< 363787002 |Observable entity| OR < 386053000 |Evaluation procedure|","OBX-3","code","FiveWs.what[x]"
"Observation.component:systemExam.value[x]","Observation.component.value[x]","","","",0,1,"","","Y","CodeableConcept {[]} {[]}
string {[]} {[]}","組成之檢驗檢查的實際結果","如果資訊中帶有一個值（simple value）則其可作為檢驗檢查的結果。","一項檢驗檢查可能有一個值（如Apgar評分）和組成之檢驗檢查值（Apgar評分所來自多項檢驗檢查）。如果有一個值，這個資料項目的datatype應該由Observation.code決定。如果這個資料項目是編碼或者如果與Observation.code相關的type定義一個編碼值，那麼將使用只有文字表述的CodeableConcept來代替字串。若需要更多的說明，請參閱下面Notes小節。","通常一項檢驗檢查就會有一個值，雖然若它有錯誤或者它代表一組檢驗檢查可能不會有值。","","","","","","","",,,,,"",,,,"Observation.component.value[x]",0,1,"","ele-1:All FHIR elements must have a @value or children {hasValue() or (children().count() > id.count())}
","363714003 |Interprets| < 441742003 |Evaluation finding|","OBX.2, OBX.5, OBX.6","value","363714003 |Interprets|"
"Observation.component:systemExam.dataAbsentReason","Observation.component.dataAbsentReason","","","",0,1,"","","","CodeableConcept {[]} {[]}
","為什麼缺少組成之檢驗檢查結果","提供資料項目Observation.component.value[x]中的預期值缺少的原因","空值（Null）或例外值可以在FHIR Observations中以兩種方式表示，一種方法是簡單地將它們含括在值集中，並在值中表示例外。例如：血清檢測的測量值可以是「檢測到」、「未檢測到」、「不確定」或「檢測未完成」。

另一種方法是使用資料項目value呈現實際檢驗檢查值，並使用資料項目dataAbsentReason來明確記錄例外值。例如：當測量沒有完成，可使用dataAbsentReason代碼「error」。請注意，只有在有值的情況下，才可以報告檢驗檢查。例如：只有在>0的情況下才可能報告細胞計數的差值。由於有這些選項，所以需要有使用案例協議（use-case agreements）來解釋一般檢驗檢查的例外值。","對於許多結果，必須處理測量中的異常值。","","","","","","","",,"extensible","代碼指明為什麼結果（Observation.value[x]）缺少；應填入所綁定值集中適合的代碼，確定無適合的代碼才可以使用其他值集的代碼來表示。","http://hl7.org/fhir/ValueSet/data-absent-reason","",,,,"Observation.component.dataAbsentReason",0,1,"obs-6
","ele-1:All FHIR elements must have a @value or children {hasValue() or (children().count() > id.count())}
","N/A","value.nullFlavor"
"Observation.component:systemExam.interpretation","Observation.component.interpretation","","Abnormal Flag
","",0,*,"","","","CodeableConcept {[]} {[]}
","高、低、正常等。","對一項檢驗檢查值的分類評估，例如：高、低、正常。","歷史上用於實驗室結果【被稱為 「異常標記（abnormal flag）」】，它的使用延伸到其他與編碼解釋有關的使用情況中。通常報告為一個或多個簡單的緊密碼（compact code，一種可以解譯且具有最小平均字長的唯一資料代碼），這個資料項目經常被放置在報告和流程表的結果值的旁邊，以表示結果的意義或正常狀態。","對於某些結果，特別是數值結果，需有一個解釋以便完全理解結果之意義。","","","","","","","",,"extensible","用以指明檢驗檢查的解釋之代碼。應填入所綁定值集中適合的代碼，確定無適合的代碼才可以使用其他值集的代碼來表示。","http://hl7.org/fhir/ValueSet/observation-interpretation","",,,,"Observation.component.interpretation",0,*,"","ele-1:All FHIR elements must have a @value or children {hasValue() or (children().count() > id.count())}
","< 260245000 |Findings values|","OBX-8","interpretationCode","363713009 |Has interpretation|"
"Observation.component:systemExam.referenceRange","Observation.component.referenceRange","","","",0,*,"","","","null {[]} {[]}
","解釋此組成之檢驗驗查的結果值之指引","關於如何透過與正常值或建議範圍值的比較來解釋此值","大多數檢驗檢查只有一個通用的參考範圍值。系統 **可能可以（MAY）** 選擇限制只提供病人的相關參考範圍值（例如：具體的病人年齡、性別、體重和其他因素），但這可能是不可能的或也不合適。只要提供了一個以上的參考範圍值，就 **建議應該（SHOULD）** 提供不同年齡的參考範圍值差異。","知道什麼值被認為是「正常的」，可以幫助評估某一特定結果的意義。需要能夠為不同的情境提供多個參考範圍值。","","","","","","","",,,,,"",,,,"Observation.component.referenceRange",0,*,"","ele-1:All FHIR elements must have a @value or children {hasValue() or (children().count() > id.count())}
","OBX.7","outboundRelationship[typeCode=REFV]/target[classCode=OBS, moodCode=EVN]"
