"Id","Path","Slice Name","Alias(s)","Label","Min","Max","Must Support?","Is Modifier?","Is Summary?","Type(s)","Short","Definition","Comments","Requirements","Default Value","Meaning When Missing","Fixed Value","Pattern","Example","Minimum Value","Maximum Value","Maximum Length","Binding Strength","Binding Description","Binding Value Set","Code","Slicing Discriminator","Slicing Description","Slicing Ordered","Slicing Rules","Base Path","Base Min","Base Max","Condition(s)","Constraint(s)","Mapping: Workflow Pattern","Mapping: SNOMED CT Concept Domain Binding","Mapping: HL7 v2 Mapping","Mapping: RIM Mapping","Mapping: FiveWs Pattern Mapping","Mapping: SNOMED CT Attribute Binding"
"Condition","Condition","","","",0,*,"","","","null {[]} {[]}
","有關病情、問題或診斷的詳細資訊","一個臨床病情、問題、診斷或其他事件、情況、或臨床概念，已上升到需要關注的程度。","","","","","","","","","",,,,,"",,,,"Condition",0,*,"","con-3:Condition.clinicalStatus SHALL be present if verificationStatus is not entered-in-error and category is problem-list-item {clinicalStatus.exists() or verificationStatus.coding.where(system='http://terminology.hl7.org/CodeSystem/condition-ver-status' and code = 'entered-in-error').exists() or category.select($this='problem-list-item').empty()}
con-4:If condition is abated, then clinicalStatus must be either inactive, resolved, or remission {abatement.empty() or clinicalStatus.coding.where(system='http://terminology.hl7.org/CodeSystem/condition-clinical' and (code='resolved' or code='remission' or code='inactive')).exists()}con-5:Condition.clinicalStatus SHALL NOT be present if verification Status is entered-in-error {verificationStatus.coding.where(system='http://terminology.hl7.org/CodeSystem/condition-ver-status' and code='entered-in-error').empty() or clinicalStatus.empty()}dom-2:If the resource is contained in another resource, it SHALL NOT contain nested Resources {contained.contained.empty()}dom-3:If the resource is contained in another resource, it SHALL be referred to from elsewhere in the resource or SHALL refer to the containing resource {contained.where((('#'+id in (%resource.descendants().reference | %resource.descendants().as(canonical) | %resource.descendants().as(uri) | %resource.descendants().as(url))) or descendants().where(reference = '#').exists() or descendants().where(as(canonical) = '#').exists() or descendants().where(as(canonical) = '#').exists()).not()).trace('unmatched', id).empty()}dom-4:If a resource is contained in another resource, it SHALL NOT have a meta.versionId or a meta.lastUpdated {contained.meta.versionId.empty() and contained.meta.lastUpdated.empty()}dom-5:If a resource is contained in another resource, it SHALL NOT have a security label {contained.meta.security.empty()}dom-6:A resource should have narrative for robust management {text.`div`.exists()}","Event","< 243796009 |Situation with explicit context| : 246090004 |Associated finding| = ( ( < 404684003 |Clinical finding| MINUS ( << 420134006 |Propensity to adverse reactions| OR << 473010000 |Hypersensitivity condition| OR << 79899007 |Drug interaction| OR << 69449002 |Drug action| OR << 441742003 |Evaluation finding| OR << 307824009 |Administrative status| OR << 385356007 |Tumor stage finding|)) OR < 272379006 |Event|)","PPR message","Entity. Role, or Act","Observation[classCode=OBS, moodCode=EVN, code=ASSERTION, value<Diagnosis]"
"Condition.id","Condition.id","","","",0,1,"","","Y","id {[]} {[]}
","不重複的ID用以識別儲存在特定FHIR Server中的Condition紀錄，通常又稱為邏輯性ID。","resource的邏輯ID，在resource的URL中使用。一旦指定，這個值永遠不會改變。","一個resource使用新增操作（create operation）提交給伺服器時，此resource沒有id，它的id在resource被創建後由伺器分配/指定。","","","","","","","","",,,,,"",,,,"Resource.id",0,1,"",""
"Condition.meta","Condition.meta","","","",0,1,"","","Y","Meta {[]} {[]}
","此Condition Resource的metadata","關於resource的metadata。這是由基礎建設維護的內容。內容的更改可能並不總是與resource的版本更改相關聯。","","","","","","","","","",,,,,"",,,,"Resource.meta",0,1,"","ele-1:All FHIR elements must have a @value or children {hasValue() or (children().count() > id.count())}
"
"Condition.implicitRules","Condition.implicitRules","","","",0,1,"","Y","Y","uri {[]} {[]}
","創建此內容所依據的一組規則","構建resource時遵循的一系列規則的參照，在處理內容時必須理解這些規則。通常這是對IG所定義之特殊規則及其他profiles的參照。","宣告這套規則限制了內容只能被有限的交易夥伴所理解。這從本質上限制了資料的長期有用性。然而，現有的健康生態體系高度分裂，還沒有準備好以普遍可計算的方式定義、收集和交換資料。只要有可能，實作者和/或規範編寫者應該避免使用這個資料項目。通常在使用時，此URL是對IG的參照，此IG將這些特殊規則與其他profiles、value sets等一起定義為其敘述的一部分。","","","","","","","","",,,,,"",,,,"Resource.implicitRules",0,1,"","ele-1:All FHIR elements must have a @value or children {hasValue() or (children().count() > id.count())}
"
"Condition.language","Condition.language","","","",0,1,"","","","code {[]} {[]}
","用以表述Condition Resource內容的語言。","編寫此resource的語言","提供語言是為了支援索引和可存取性（通常，文字表述轉語音等服務使用此語言標籤）。html lanuage tag適用於此敘述。resource上的語言標籤可用於指定從resource中的資料所產成的其他表述之語言。不是所有的內容都必須使用此語言。不應該假定Resource.language自動適用於敘述。如果指定語言，它也應該被指定在html中的div資料項目（關於xml:lang和html lang屬性之間的關係，見HTML5中的規則）。","","","","","","<valueString xmlns=""http://hl7.org/fhir"" value=""zh-TW""/>","","",,"preferred","人類語言；鼓勵使用CommonLanguages代碼表中的代碼，但不強制一定要使用此代碼表，你也可使用其他代碼表的代碼或單純以文字表示。","http://hl7.org/fhir/ValueSet/languages","",,,,"Resource.language",0,1,"","ele-1:All FHIR elements must have a @value or children {hasValue() or (children().count() > id.count())}
"
"Condition.text","Condition.text","","narrative
htmlxhtmldisplay","",0,1,"","","","Narrative {[]} {[]}
","Condition Resource之內容摘要以供人閱讀","人可讀的敘述，包含resource的摘要，可用於向人表述resource的內容。敘述不需要對所有的結構化資料進行編碼，但需要包含足夠的細節使人在閱讀敘述時理解「臨床安全性」。resource定義有哪些內容應該在敘述中表示，以確保臨床安全。","內嵌（contained）的resource沒有敘述，非內嵌（contained）的resource則 **建議應該（SHOULD）** 有敘述。有時resource可能只有文字表述，很少或沒有額外的結構化資料（只要滿足所有minOccurs=1的資料項目）。這可能出現在舊系統的資料，當資訊以 「文字表述區塊（text blob） 」的形式被取得，或者文字表述是原始輸入或說明，而編碼資訊稍後再添加。","","","","","","","","",,,,,"",,,,"DomainResource.text",0,1,"","ele-1:All FHIR elements must have a @value or children {hasValue() or (children().count() > id.count())}
","Act.text?"
"Condition.contained","Condition.contained","","inline resources
anonymous resourcescontained resources","",0,*,"","","","Resource {[]} {[]}
","Contained, inline Resources","These resources do not have an independent existence apart from the resource that contains them - they cannot be identified independently, and nor can they have their own independent transaction scope.","This should never be done when the content can be identified properly, as once identification is lost, it is extremely difficult (and context dependent) to restore it again. Contained resources may have profiles and tags In their meta elements, but SHALL NOT have security labels.","","","","","","","","",,,,,"",,,,"DomainResource.contained",0,*,"","","N/A"
"Condition.extension","Condition.extension","","extensions
user content","",0,*,"","","","Extension {[]} {[]}
","Additional content defined by implementations","May be used to represent additional information that is not part of the basic definition of the resource. To make the use of extensions safe and manageable, there is a strict set of governance  applied to the definition and use of extensions. Though any implementer can define an extension, there is a set of requirements that SHALL be met as part of the definition of the extension.","There can be no stigma associated with the use of extensions by any application, project, or standard - regardless of the institution or jurisdiction that uses or defines the extensions.  The use of extensions is what allows the FHIR specification to retain a core level of simplicity for everyone.","","","","","","","","",,,,,"",,,,"DomainResource.extension",0,*,"","ele-1:All FHIR elements must have a @value or children {hasValue() or (children().count() > id.count())}
ext-1:Must have either extensions or value[x], not both {extension.exists() != value.exists()}","N/A"
"Condition.modifierExtension","Condition.modifierExtension","","extensions
user content","",0,*,"","Y","","Extension {[]} {[]}
","Extensions that cannot be ignored","May be used to represent additional information that is not part of the basic definition of the resource and that modifies the understanding of the element that contains it and/or the understanding of the containing element's descendants. Usually modifier elements provide negation or qualification. To make the use of extensions safe and manageable, there is a strict set of governance applied to the definition and use of extensions. Though any implementer is allowed to define an extension, there is a set of requirements that SHALL be met as part of the definition of the extension. Applications processing a resource are required to check for modifier extensions.

Modifier extensions SHALL NOT change the meaning of any elements on Resource or DomainResource (including cannot change the meaning of modifierExtension itself).","There can be no stigma associated with the use of extensions by any application, project, or standard - regardless of the institution or jurisdiction that uses or defines the extensions.  The use of extensions is what allows the FHIR specification to retain a core level of simplicity for everyone.","Modifier extensions allow for extensions that *cannot* be safely ignored to be clearly distinguished from the vast majority of extensions which can be safely ignored.  This promotes interoperability by eliminating the need for implementers to prohibit the presence of extensions. For further information, see the [definition of modifier extensions](http://hl7.org/fhir/R4/extensibility.html#modifierExtension).","","","","","","","",,,,,"",,,,"DomainResource.modifierExtension",0,*,"","ele-1:All FHIR elements must have a @value or children {hasValue() or (children().count() > id.count())}
ext-1:Must have either extensions or value[x], not both {extension.exists() != value.exists()}","N/A"
"Condition.identifier","Condition.identifier","","","",0,*,"","","Y","Identifier {[]} {[]}
","此病情、問題或診斷的外部識別碼","由執行者或其他系統指定給此病情、問題或診斷的業務用識別碼，即使此resource作更新及在伺服器之間的傳遞，此識別碼仍保持不變。","這是一個業務識別碼，不是一個resource識別碼（詳見討論）。最好的做法是該識別碼只出現在單個resource實例上，但是業務實務有可能會規定可以在多個resource實例中具有相同識別碼—甚至可能具有不同的resource型例。例如：多個 「Patient（病人）」和 「Person（個人）」resource實例可能共用同一個社會保險號碼。","允許識別各參與系統所知的此病情、問題或診斷資訊，並在各伺服器之間保持一致的方式。","","","","","","","",,,,,"",,,,"Condition.identifier",0,*,"","ele-1:All FHIR elements must have a @value or children {hasValue() or (children().count() > id.count())}
","Event.identifier",".id","FiveWs.identifier"
"Condition.clinicalStatus","Condition.clinicalStatus","","","",1,1,"Y","Y","Y","CodeableConcept {[CanonicalType[https://twcore.mohw.gov.tw/ig/twcore/StructureDefinition/CodeableConcept-tw]]} {[]}
","active | recurrence | relapse | inactive | remission | resolved ，病情、問題或診斷的臨床狀態。","此病情、問題或診斷的臨床狀態","data type是CodeableConcept，因為clinicalStatus涉及到一些臨床判斷，例如：可能需要比所需的FHIR值集更多的特殊性。例如：SNOMED編碼可能允許更多的特殊性。","","","","","","","","",,"required","應填入所綁定值集中的其中一個代碼。","http://hl7.org/fhir/ValueSet/condition-clinical|4.0.1","",,,,"Condition.clinicalStatus",0,1,"con-3
con-4con-5","ele-1:All FHIR elements must have a @value or children {hasValue() or (children().count() > id.count())}
","Event.status","< 303105007 |Disease phases|","PRB-14","Observation ACT
.inboundRelationship[typeCode=COMP].source[classCode=OBS, code=""clinicalStatus"", moodCode=EVN].value","FiveWs.status"
"Condition.verificationStatus","Condition.verificationStatus","","","",0,1,"Y","Y","Y","CodeableConcept {[CanonicalType[https://twcore.mohw.gov.tw/ig/twcore/StructureDefinition/CodeableConcept-tw]]} {[]}
","unconfirmed | provisional | differential | confirmed | refuted | entered-in-error ，支持或拒絕病情、問題或診斷的臨床狀態的驗證狀態。","支持此病情、問題或診斷的臨床狀態之驗證狀態","verificationStatus不是必須的。例如：當病人在急診室出現腹痛時，不可能出現驗證狀態。資料類型是CodeableConcept，因為verificationStatus涉及到一些臨床判斷，因此可能需要比所需的FHIR值集更多的特殊性。例如：SNOMED編碼可能允許更多的特殊性。","","","","","","","","",,"required","應填入所綁定值集中的其中一個代碼。","http://hl7.org/fhir/ValueSet/condition-ver-status|4.0.1","",,,,"Condition.verificationStatus",0,1,"con-3
con-5","ele-1:All FHIR elements must have a @value or children {hasValue() or (children().count() > id.count())}
","Event.status","< 410514004 |Finding context value|","PRB-13","Observation ACT
.inboundRelationship[typeCode=COMP].source[classCode=OBS, code=""verificationStatus"", moodCode=EVN].value","FiveWs.status","408729009"
"Condition.category","Condition.category","","","",1,1,"Y","","","CodeableConcept {[CanonicalType[https://twcore.mohw.gov.tw/ig/twcore/StructureDefinition/CodeableConcept-tw]]} {[]}
","problem-list-item | encounter-diagnosis ，指定病情、問題或診斷的類別。","指定此病情、問題或診斷的類別","這種分類往往具有很強的情境性，在其他情境下可能顯得區分度不高，或沒有什麼用處。","","","","","","","","",,"extensible","應填入所綁定值集中適合的代碼，確定無適合的代碼才可以使用其他值集的代碼來表示。","http://hl7.org/fhir/ValueSet/condition-category","",,,,"Condition.category",0,*,"","ele-1:All FHIR elements must have a @value or children {hasValue() or (children().count() > id.count())}
","< 404684003 |Clinical finding|","'problem' if from PRB-3. 'diagnosis' if from DG1 segment in PV1 message",".code","FiveWs.class"
"Condition.severity","Condition.severity","","","",0,1,"Y","","","CodeableConcept {[CanonicalType[https://twcore.mohw.gov.tw/ig/twcore/StructureDefinition/CodeableConcept-tw]]} {[]}
","病情、問題或診斷的主觀嚴重程度","臨床醫生對病情、問題或診斷嚴重程度的主觀評估","如有可能，最好用專門術語對嚴重程度進行編碼。","","","","","","","","",,"extensible","臨床醫生對病情、問題或診斷嚴重程度的主觀評價；應填入所綁定值集中適合的代碼，確定無適合的代碼才可以使用其他值集的代碼來表示。","http://hl7.org/fhir/ValueSet/condition-severity","",,,,"Condition.severity",0,1,"","ele-1:All FHIR elements must have a @value or children {hasValue() or (children().count() > id.count())}
","< 272141005 |Severities|","PRB-26 / ABS-3","Can be pre/post-coordinated into value.  Or ./inboundRelationship[typeCode=SUBJ].source[classCode=OBS, moodCode=EVN, code=""severity""].value","FiveWs.grade","246112005"
"Condition.code","Condition.code","","type
","",0,1,"Y","","Y","CodeableConcept {[CanonicalType[https://twcore.mohw.gov.tw/ig/twcore/StructureDefinition/CodeableConcept-tw]]} {[]}
","病情、問題或診斷的識別","病情、問題或診斷的識別","","0..1，主要用於說明敘述性resource。","","","","","","","",,"example","","https://twcore.mohw.gov.tw/ig/twha/ValueSet/VS-UnfitDiseases","",,,,"Condition.code",0,1,"","ele-1:All FHIR elements must have a @value or children {hasValue() or (children().count() > id.count())}
","Event.code","code 246090004 |Associated finding| (< 404684003 |Clinical finding| MINUS
<< 420134006 |Propensity to adverse reactions| MINUS 
<< 473010000 |Hypersensitivity condition| MINUS 
<< 79899007 |Drug interaction| MINUS
<< 69449002 |Drug action| MINUS 
<< 441742003 |Evaluation finding| MINUS 
<< 307824009 |Administrative status| MINUS 
<< 385356007 |Tumor stage finding|) 
OR < 413350009 |Finding with explicit context|
OR < 272379006 |Event|","PRB-3",".value","FiveWs.what[x]","246090004"
"Condition.code.id","Condition.code.id","","","",0,1,"","","","string {[]} {[]}
","唯一可識別ID，以供資料項目間相互參照。","resource中資料項目的唯一ID（用於內部參照）。這可以是任何不含空格的字串。","","","","","","","","","",,,,,"",,,,"Element.id",0,1,"","","n/a"
"Condition.code.extension","Condition.code.extension","","","",0,*,"","","","Extension {[]} {[]}
","擴充的資料項目","擴充的資料項目","","","","","","","","","",,,,,"","value:url}
","Extensions are always sliced by (at least) url",,"open","Element.extension",0,*,"","ele-1:All FHIR elements must have a @value or children {hasValue() or (children().count() > id.count())}
ext-1:Must have either extensions or value[x], not both {extension.exists() != value.exists()}"
"Condition.code.coding","Condition.code.coding","","","",0,*,"Y","","Y","Coding {[CanonicalType[https://twcore.mohw.gov.tw/ig/twcore/StructureDefinition/Coding-tw]]} {[]}
","由專門術語系統（terminology system）定義的代碼。此資料項目為可擴充綁定預設國際標準值集，但實作者可視實務專案需求只綁定以下slices中的任一值集。目前未只限定綁定預設值集是因為尚無slice值集與預設國際標準值集的代碼對應表，待後續有相對的代碼對應表後將建議採用國際標準值集作為唯一綁定值集並針對該值集進行擴充與管理，以利進行跨國與跨系統之資料交換。","由專門術語系統（terminology system）所定義之代碼的參照。","代碼可以在列舉清單（enumerations）或代碼清單（code lists）中非常隨意地定義，直至有非常正式的定義，如SNOMED CT—更多資訊見HL7 v3核心原則（Core Principles）。編碼的排序是未定義的因而 **必須沒有（SHALL NOT）** 被用來推斷意義。一般來說，最多只有一個編碼值（coding values）會被標記為UserSelected = true。","允許使用者在不知道識別碼系統的情況下利用識別碼","","","","","","","",,,,,"","pattern:$this}
","",,"open","CodeableConcept.coding",0,*,"","ele-1:All FHIR elements must have a @value or children {hasValue() or (children().count() > id.count())}
","C*E.1-8, C*E.10-22","union(., ./translation)"
"Condition.code.coding:icd10-cm-2023","Condition.code.coding","icd10-cm-2023","","",0,1,"Y","","Y","Coding {[CanonicalType[https://twcore.mohw.gov.tw/ig/twcore/StructureDefinition/Coding-tw]]} {[]}
","由專門術語系統（terminology system）定義的代碼","由專門術語系統（terminology system）所定義之代碼的參照","代碼可以在列舉清單（enumerations）或代碼清單（code lists）中非常隨意地定義，直至有非常正式的定義，例如：SNOMED CT—更多資訊見HL7 v3核心原則（Core Principles ）。編碼的排序是未定義的因而 **必須沒有（SHALL NOT）** 被用來推斷意義。一般來說，最多只有一個編碼值（coding values）會被標記為UserSelected = true。","允許代碼系統中的替代編碼，以及翻譯到其他編碼系統。","","","","","","","",,"required","","https://twcore.mohw.gov.tw/ig/twcore/ValueSet/icd-10-cm-2023-tw","",,,,"CodeableConcept.coding",0,*,"","ele-1:All FHIR elements must have a @value or children {hasValue() or (children().count() > id.count())}
","C*E.1-8, C*E.10-22","union(., ./translation)"
"Condition.code.coding:icd10-cm-2021","Condition.code.coding","icd10-cm-2021","","",0,1,"Y","","Y","Coding {[CanonicalType[https://twcore.mohw.gov.tw/ig/twcore/StructureDefinition/Coding-tw]]} {[]}
","此為臺灣衛生福利部中央健康保險署維護之2021年中文版ICD-10-CM代碼，涵蓋範圍相對完整，可免費使用，可優先選用此代碼。","由專門術語系統（terminology system）所定義之代碼的參照。","代碼可以在列舉清單（enumerations）或代碼清單（code lists）中非常隨意地定義，直至有非常正式的定義，如SNOMED CT—更多資訊見HL7 v3核心原則（Core Principles）。編碼的排序是未定義的因而 **必須沒有（SHALL NOT）** 被用來推斷意義。一般來說，最多只有一個編碼值（coding values）會被標記為UserSelected = true。","允許使用者在不知道識別碼系統的情況下利用識別碼","","","","","","","",,"required","病情、問題或診斷的識別；應填入所綁定值集中的其中一個代碼。","https://twcore.mohw.gov.tw/ig/twcore/ValueSet/icd-10-cm-2021-tw","",,,,"CodeableConcept.coding",0,*,"","ele-1:All FHIR elements must have a @value or children {hasValue() or (children().count() > id.count())}
","C*E.1-8, C*E.10-22","union(., ./translation)"
"Condition.code.coding:icd10-cm-2014","Condition.code.coding","icd10-cm-2014","","",0,1,"Y","","Y","Coding {[CanonicalType[https://twcore.mohw.gov.tw/ig/twcore/StructureDefinition/Coding-tw]]} {[]}
","此為臺灣衛生福利部中央健康保險署維護之2014年中文版ICD-10-CM代碼，涵蓋範圍相對完整，可免費使用，可優先選用此代碼。","由專門術語系統（terminology system）所定義之代碼的參照。","代碼可以在列舉清單（enumerations）或代碼清單（code lists）中非常隨意地定義，直至有非常正式的定義，如SNOMED CT—更多資訊見HL7 v3核心原則（Core Principles）。編碼的排序是未定義的因而 **必須沒有（SHALL NOT）** 被用來推斷意義。一般來說，最多只有一個編碼值（coding values）會被標記為UserSelected = true。","允許使用者在不知道識別碼系統的情況下利用識別碼","","","","","","","",,"required","病情、問題或診斷的識別；應填入所綁定值集中的其中一個代碼。","https://twcore.mohw.gov.tw/ig/twcore/ValueSet/icd-10-cm-2014-tw","",,,,"CodeableConcept.coding",0,*,"","ele-1:All FHIR elements must have a @value or children {hasValue() or (children().count() > id.count())}
","C*E.1-8, C*E.10-22","union(., ./translation)"
"Condition.code.coding:icd9-cm-2001","Condition.code.coding","icd9-cm-2001","","",0,1,"Y","","Y","Coding {[CanonicalType[https://twcore.mohw.gov.tw/ig/twcore/StructureDefinition/Coding-tw]]} {[]}
","由專門術語系統（terminology system）定義的代碼","由專門術語系統（terminology system）所定義之代碼的參照","代碼可以在列舉清單（enumerations）或代碼清單（code lists）中非常隨意地定義，直至有非常正式的定義，例如：SNOMED CT—更多資訊見HL7 v3核心原則（Core Principles ）。編碼的排序是未定義的因而 **必須沒有（SHALL NOT）** 被用來推斷意義。一般來說，最多只有一個編碼值（coding values）會被標記為UserSelected = true。","允許代碼系統中的替代編碼，以及翻譯到其他編碼系統。","","","","","","","",,"required","","https://twcore.mohw.gov.tw/ig/twcore/ValueSet/icd-9-cm-2001-tw","",,,,"CodeableConcept.coding",0,*,"","ele-1:All FHIR elements must have a @value or children {hasValue() or (children().count() > id.count())}
","C*E.1-8, C*E.10-22","union(., ./translation)"
"Condition.code.coding:absentOrUnknownProblem","Condition.code.coding","absentOrUnknownProblem","","",0,1,"Y","","Y","Coding {[CanonicalType[https://twcore.mohw.gov.tw/ig/twcore/StructureDefinition/Coding-tw]]} {[]}
","不存在的問題或未知問題的代碼","表示「absent problem」或「problems unknown」的代碼","代碼可以在列舉清單（enumerations）或代碼清單（code lists）中非常隨意地定義，直至有非常正式的定義，如SNOMED CT—更多資訊見HL7 v3核心原則（Core Principles）。編碼的排序是未定義的因而 **必須沒有（SHALL NOT）** 被用來推斷意義。一般來說，最多只有一個編碼值（coding values）會被標記為UserSelected = true。","允許使用者在不知道識別碼系統的情況下利用識別碼","","","","","","","",,"required","應填入所綁定值集中的其中一個代碼。","http://hl7.org/fhir/uv/ips/ValueSet/absent-or-unknown-problems-uv-ips","",,,,"CodeableConcept.coding",0,*,"","ele-1:All FHIR elements must have a @value or children {hasValue() or (children().count() > id.count())}
","C*E.1-8, C*E.10-22","union(., ./translation)"
"Condition.code.coding:sct","Condition.code.coding","sct","","",0,1,"Y","","Y","Coding {[CanonicalType[https://twcore.mohw.gov.tw/ig/twcore/StructureDefinition/Coding-tw]]} {[]}
","此為SNOMED CT診斷代碼，若機構已有購買相關授權，亦可使用。","由專門術語系統（terminology system）所定義之代碼的參照。","代碼可以在列舉清單（enumerations）或代碼清單（code lists）中非常隨意地定義，直至有非常正式的定義，如SNOMED CT—更多資訊見HL7 v3核心原則（Core Principles）。編碼的排序是未定義的因而 **必須沒有（SHALL NOT）** 被用來推斷意義。一般來說，最多只有一個編碼值（coding values）會被標記為UserSelected = true。","允許使用者在不知道識別碼系統的情況下利用識別碼","","","","","","","",,"required","應填入所綁定值集中的其中一個代碼。","https://twcore.mohw.gov.tw/ig/twcore/ValueSet/condition-code-sct-tw","",,,,"CodeableConcept.coding",0,*,"","ele-1:All FHIR elements must have a @value or children {hasValue() or (children().count() > id.count())}
","C*E.1-8, C*E.10-22","union(., ./translation)"
"Condition.code.text","Condition.code.text","","","",0,1,"Y","","Y","string {[]} {[]}
","概念的文字表示法","輸入資料的使用者所見／所選／所說的人類可讀文字表述，和（或）其代表使用者的預期含義。","很多時候，此文字表述與其中一個代碼的顯示名稱相同。","專門術語中的代碼並不總是能捕捉人類使用的細微差別的正確意義，或者根本就沒有合適的代碼；這些情況下，文字表述被用來捕捉來源的全部意義。","","","","","","","",,,,,"",,,,"CodeableConcept.text",0,1,"","ele-1:All FHIR elements must have a @value or children {hasValue() or (children().count() > id.count())}
","C*E.9. But note many systems use C*E.2 for this","./originalText[mediaType/code=""text/plain""]/data"
"Condition.bodySite","Condition.bodySite","","","",0,*,"Y","","Y","CodeableConcept {[CanonicalType[https://twcore.mohw.gov.tw/ig/twcore/StructureDefinition/CodeableConcept-tw]]} {[]}
","如果相關請填寫解剖位置","此病情、問題或診斷表現出來的解剖位置","只有在Condition.code中找到的代碼未隱含此資料項目概念時才使用。如果使用案例（use-case）要求將BodySite作為一個單獨的resource來處理（例如：識別和追踪），那麼就使用標準的資料項目擴充方式來擴充bodySite。可以是一個摘要代碼，也可以是對一個非常精確位置定義的參照，或者兩者都是。","","","","","","","","",,"extensible","描述解剖位置的代碼。可包括側面；應填入所綁定值集中適合的代碼，確定無適合的代碼才可以使用其他值集的代碼來表示。","http://hl7.org/fhir/ValueSet/body-site","",,,,"Condition.bodySite",0,*,"","ele-1:All FHIR elements must have a @value or children {hasValue() or (children().count() > id.count())}
","< 442083009  |Anatomical or acquired body structure|",".targetBodySiteCode","363698007"
"Condition.subject","Condition.subject","","patient
","",1,1,"Y","","Y","Reference {[]} {[CanonicalType[https://twcore.mohw.gov.tw/ig/twha/StructureDefinition/TWHA-Patient]]}
","誰有此病情、問題或診斷？","表示與此病情、問題或診斷紀錄相關的病人或實體集合（Group resource）","","實體集合（Group resource）通常用於獸醫或公共衛生的案例","","","","","","","",,,,,"",,,,"Condition.subject",1,1,"","ele-1:All FHIR elements must have a @value or children {hasValue() or (children().count() > id.count())}
","Event.subject","PID-3",".participation[typeCode=SBJ].role[classCode=PAT]","FiveWs.subject[x]","FiveWs.subject"
"Condition.encounter","Condition.encounter","","","",0,1,"","","Y","Reference {[]} {[CanonicalType[https://twcore.mohw.gov.tw/ig/twcore/StructureDefinition/Encounter-twcore]]}
","作為病情、問題或診斷紀錄的一部分的就醫（Encounter）紀錄","此病情、問題或診斷記載在哪次的「就醫（Encounter）」紀錄或者與此病情、問題或診斷紀錄密切相關的「就醫（Encounter）」紀錄","通常是此病情、問題或診斷發生的就醫事件，雖然有些活動可能在就醫結束之前或之後開始，但仍與就醫事件的情境有關。這筆紀錄表明與此病情、問題或診斷紀錄相關的就醫事件（Encounter）。「新的」診斷的情況下，反映病情、問題或診斷的持續/修訂資訊可能與首次就醫所知道的病情、問題或診斷不同。","","","","","","","","",,,,,"",,,,"Condition.encounter",0,1,"","ele-1:All FHIR elements must have a @value or children {hasValue() or (children().count() > id.count())}
","Event.context","PV1-19 (+PV1-54)",".inboundRelationship[typeCode=COMP].source[classCode=ENC, moodCode=EVN]","FiveWs.context"
"Condition.onset[x]","Condition.onset[x]","","","",0,1,"Y","","Y","dateTime {[]} {[]}
Age {[]} {[]}Period {[]} {[]}Range {[]} {[]}string {[]} {[]}","估計的或實際的日期、日期—時間或年齡。","醫師認為此病情、問題或診斷之推估或實際發生時間或日期時間等","onsetAge通常是指病人說明病情何時開始發生的年齡","","","","","","","","",,,,,"",,,,"Condition.onset[x]",0,1,"","ele-1:All FHIR elements must have a @value or children {hasValue() or (children().count() > id.count())}
","Event.occurrence[x]","PRB-16",".effectiveTime.low or .inboundRelationship[typeCode=SUBJ].source[classCode=OBS, moodCode=EVN, code=""age at onset""].value","FiveWs.init"
"Condition.abatement[x]","Condition.abatement[x]","","","",0,1,"Y","","","dateTime {[]} {[]}
Age {[]} {[]}Period {[]} {[]}Range {[]} {[]}string {[]} {[]}","何時解決/緩解","病情、問題或診斷緩解或開始緩解的日期或估計日期。因為與「緩解（remissio）」或 「解決（resolution）」相關的許多過多含義—病情、問題或診斷不會真正解決，但它們可以緩解，所以稱為「緩解 （abatement）」，","解決（resolution）和緩解（remission）之間沒有明確的區別，因為在許多情況下，兩者的區別並不明顯。當病人說明病情、問題或診斷緩解的年齡時，一般使用onsetAge。如果沒有abatement這個資料項目，就不知道狀況是否已經解決或緩解；應用程式和使用者一般應假定病情、問題或診斷仍存在。當abatementString存在時，它意味著病情、問題或診斷已緩解。","","","","","","","","",,,,,"",,,,"Condition.abatement[x]",0,1,"con-4
","ele-1:All FHIR elements must have a @value or children {hasValue() or (children().count() > id.count())}
",".effectiveTime.high or .inboundRelationship[typeCode=SUBJ].source[classCode=OBS, moodCode=EVN, code=""age at remission""].value or .inboundRelationship[typeCode=SUBJ]source[classCode=CONC, moodCode=EVN].status=completed","FiveWs.done[x]"
"Condition.recordedDate","Condition.recordedDate","","","",0,1,"","","Y","dateTime {[]} {[]}
","記錄的日期","recordedDate表述此Condition記錄何時於系統中建立，這通常是系統產生的日期。","","","","","","","","","",,,,,"",,,,"Condition.recordedDate",0,1,"","ele-1:All FHIR elements must have a @value or children {hasValue() or (children().count() > id.count())}
","REL-11",".participation[typeCode=AUT].time","FiveWs.recorded"
"Condition.recorder","Condition.recorder","","","",0,1,"","","Y","Reference {[]} {[CanonicalType[https://twcore.mohw.gov.tw/ig/twcore/StructureDefinition/Practitioner-twcore], CanonicalType[https://twcore.mohw.gov.tw/ig/twcore/StructureDefinition/PractitionerRole-twcore], CanonicalType[https://twcore.mohw.gov.tw/ig/twcore/StructureDefinition/Patient-twcore], CanonicalType[https://twcore.mohw.gov.tw/ig/twcore/StructureDefinition/RelatedPerson-twcore]]}
","誰記錄此病情、問題或診斷","記錄病情、問題或診斷內容並對其內容負責的個人","","","","","","","","","",,,,,"",,,,"Condition.recorder",0,1,"","ele-1:All FHIR elements must have a @value or children {hasValue() or (children().count() > id.count())}
",".participation[typeCode=AUT].role","FiveWs.author"
"Condition.asserter","Condition.asserter","","","",0,1,"Y","","Y","Reference {[]} {[CanonicalType[https://twcore.mohw.gov.tw/ig/twcore/StructureDefinition/Practitioner-twcore], CanonicalType[https://twcore.mohw.gov.tw/ig/twcore/StructureDefinition/PractitionerRole-twcore], CanonicalType[https://twcore.mohw.gov.tw/ig/twcore/StructureDefinition/Patient-twcore], CanonicalType[https://twcore.mohw.gov.tw/ig/twcore/StructureDefinition/RelatedPerson-twcore]]}
","聲稱有此病情、問題或診斷的人","提出此病情、問題或診斷說明的人","","","","","","","","","",,,,,"",,,,"Condition.asserter",0,1,"","ele-1:All FHIR elements must have a @value or children {hasValue() or (children().count() > id.count())}
","REL-7.1 identifier + REL-7.12 type code",".participation[typeCode=INF].role","FiveWs.source"
"Condition.stage","Condition.stage","","","",0,*,"","","","BackboneElement {[]} {[]}
","分期（stage）／分級（grade），通常是正式的評估。","病情、問題或診斷的臨床分期或分級，可能包括正式的嚴重程度評估。","","","","","","","","","",,,,,"",,,,"Condition.stage",0,*,"","con-1:Stage SHALL have summary or assessment {summary.exists() or assessment.exists()}
ele-1:All FHIR elements must have a @value or children {hasValue() or (children().count() > id.count())}","./inboundRelationship[typeCode=SUBJ].source[classCode=OBS, moodCode=EVN, code=""stage/grade""]"
"Condition.stage.id","Condition.stage.id","","","",0,1,"","","","string {[]} {[]}
","Unique id for inter-element referencing","Unique id for the element within a resource (for internal references). This may be any string value that does not contain spaces.","","","","","","","","","",,,,,"",,,,"Element.id",0,1,"","","n/a"
"Condition.stage.extension","Condition.stage.extension","","extensions
user content","",0,*,"","","","Extension {[]} {[]}
","Additional content defined by implementations","May be used to represent additional information that is not part of the basic definition of the element. To make the use of extensions safe and manageable, there is a strict set of governance  applied to the definition and use of extensions. Though any implementer can define an extension, there is a set of requirements that SHALL be met as part of the definition of the extension.","There can be no stigma associated with the use of extensions by any application, project, or standard - regardless of the institution or jurisdiction that uses or defines the extensions.  The use of extensions is what allows the FHIR specification to retain a core level of simplicity for everyone.","","","","","","","","",,,,,"",,,,"Element.extension",0,*,"","ele-1:All FHIR elements must have a @value or children {hasValue() or (children().count() > id.count())}
ext-1:Must have either extensions or value[x], not both {extension.exists() != value.exists()}","n/a"
"Condition.stage.modifierExtension","Condition.stage.modifierExtension","","extensions
user contentmodifiers","",0,*,"","Y","Y","Extension {[]} {[]}
","Extensions that cannot be ignored even if unrecognized","May be used to represent additional information that is not part of the basic definition of the element and that modifies the understanding of the element in which it is contained and/or the understanding of the containing element's descendants. Usually modifier elements provide negation or qualification. To make the use of extensions safe and manageable, there is a strict set of governance applied to the definition and use of extensions. Though any implementer can define an extension, there is a set of requirements that SHALL be met as part of the definition of the extension. Applications processing a resource are required to check for modifier extensions.

Modifier extensions SHALL NOT change the meaning of any elements on Resource or DomainResource (including cannot change the meaning of modifierExtension itself).","There can be no stigma associated with the use of extensions by any application, project, or standard - regardless of the institution or jurisdiction that uses or defines the extensions.  The use of extensions is what allows the FHIR specification to retain a core level of simplicity for everyone.","Modifier extensions allow for extensions that *cannot* be safely ignored to be clearly distinguished from the vast majority of extensions which can be safely ignored.  This promotes interoperability by eliminating the need for implementers to prohibit the presence of extensions. For further information, see the [definition of modifier extensions](http://hl7.org/fhir/R4/extensibility.html#modifierExtension).","","","","","","","",,,,,"",,,,"BackboneElement.modifierExtension",0,*,"","ele-1:All FHIR elements must have a @value or children {hasValue() or (children().count() > id.count())}
ext-1:Must have either extensions or value[x], not both {extension.exists() != value.exists()}","N/A"
"Condition.stage.summary","Condition.stage.summary","","","",0,1,"","","","CodeableConcept {[CanonicalType[https://twcore.mohw.gov.tw/ig/twcore/StructureDefinition/CodeableConcept-tw]]} {[]}
","簡單的摘要（特定疾病）。","對分期的簡單摘要，如「第3期」。針對特定疾病的分期測定。","","","","","","","","","",,"extensible","描述病情、問題或診斷分期的代碼（例如：癌症分期）。應填入所綁定值集中適合的代碼，確定無適合的代碼才可以使用其他值集的代碼來表示。","http://hl7.org/fhir/ValueSet/condition-stage","",,,,"Condition.stage.summary",0,1,"con-1
","ele-1:All FHIR elements must have a @value or children {hasValue() or (children().count() > id.count())}
","< 254291000 |Staging and scales|","PRB-14",".value"
"Condition.stage.assessment","Condition.stage.assessment","","","",0,*,"","","","Reference {[]} {[CanonicalType[http://hl7.org/fhir/StructureDefinition/ClinicalImpression], CanonicalType[https://twcore.mohw.gov.tw/ig/twcore/StructureDefinition/DiagnosticReport-twcore], CanonicalType[https://twcore.mohw.gov.tw/ig/twcore/StructureDefinition/Observation-laboratoryResult-twcore], CanonicalType[https://twcore.mohw.gov.tw/ig/twcore/StructureDefinition/Observation-vitalSigns-twcore]]}
","正式的評估記錄","分期評估所依據的證據之正式記錄","","","","","","","","","",,,,,"",,,,"Condition.stage.assessment",0,*,"con-1
","ele-1:All FHIR elements must have a @value or children {hasValue() or (children().count() > id.count())}
",".self"
"Condition.stage.type","Condition.stage.type","","","",0,1,"","","","CodeableConcept {[CanonicalType[https://twcore.mohw.gov.tw/ig/twcore/StructureDefinition/CodeableConcept-tw]]} {[]}
","分期的種類","分期的種類，如病理分期或臨床分期。","","","","","","","","","",,"extensible","病情、問題或診斷分期種類的代碼（如臨床或病理）；應填入所綁定值集中適合的代碼，確定無適合的代碼才可以使用其他值集的代碼來表示。","http://hl7.org/fhir/ValueSet/condition-stage-type","",,,,"Condition.stage.type",0,1,"","ele-1:All FHIR elements must have a @value or children {hasValue() or (children().count() > id.count())}
","./inboundRelationship[typeCode=SUBJ].source[classCode=OBS, moodCode=EVN, code=""stage type""]"
"Condition.evidence","Condition.evidence","","","",0,*,"","","","BackboneElement {[]} {[]}
","支持的證據","作為病情、問題或診斷驗證狀態基礎的支持證據／臨床表現，如證實或反駁病情、問題或診斷的證據。","證據可以是一個簡單的編碼症狀／臨床表現的清單，或參考檢驗檢查或者正式評估，或者兩者都是。","","","","","","","","",,,,,"",,,,"Condition.evidence",0,*,"","con-2:evidence SHALL have code or details {code.exists() or detail.exists()}
ele-1:All FHIR elements must have a @value or children {hasValue() or (children().count() > id.count())}",".outboundRelationship[typeCode=SPRT].target[classCode=OBS, moodCode=EVN]"
"Condition.evidence.id","Condition.evidence.id","","","",0,1,"","","","string {[]} {[]}
","Unique id for inter-element referencing","Unique id for the element within a resource (for internal references). This may be any string value that does not contain spaces.","","","","","","","","","",,,,,"",,,,"Element.id",0,1,"","","n/a"
"Condition.evidence.extension","Condition.evidence.extension","","extensions
user content","",0,*,"","","","Extension {[]} {[]}
","Additional content defined by implementations","May be used to represent additional information that is not part of the basic definition of the element. To make the use of extensions safe and manageable, there is a strict set of governance  applied to the definition and use of extensions. Though any implementer can define an extension, there is a set of requirements that SHALL be met as part of the definition of the extension.","There can be no stigma associated with the use of extensions by any application, project, or standard - regardless of the institution or jurisdiction that uses or defines the extensions.  The use of extensions is what allows the FHIR specification to retain a core level of simplicity for everyone.","","","","","","","","",,,,,"",,,,"Element.extension",0,*,"","ele-1:All FHIR elements must have a @value or children {hasValue() or (children().count() > id.count())}
ext-1:Must have either extensions or value[x], not both {extension.exists() != value.exists()}","n/a"
"Condition.evidence.modifierExtension","Condition.evidence.modifierExtension","","extensions
user contentmodifiers","",0,*,"","Y","Y","Extension {[]} {[]}
","Extensions that cannot be ignored even if unrecognized","May be used to represent additional information that is not part of the basic definition of the element and that modifies the understanding of the element in which it is contained and/or the understanding of the containing element's descendants. Usually modifier elements provide negation or qualification. To make the use of extensions safe and manageable, there is a strict set of governance applied to the definition and use of extensions. Though any implementer can define an extension, there is a set of requirements that SHALL be met as part of the definition of the extension. Applications processing a resource are required to check for modifier extensions.

Modifier extensions SHALL NOT change the meaning of any elements on Resource or DomainResource (including cannot change the meaning of modifierExtension itself).","There can be no stigma associated with the use of extensions by any application, project, or standard - regardless of the institution or jurisdiction that uses or defines the extensions.  The use of extensions is what allows the FHIR specification to retain a core level of simplicity for everyone.","Modifier extensions allow for extensions that *cannot* be safely ignored to be clearly distinguished from the vast majority of extensions which can be safely ignored.  This promotes interoperability by eliminating the need for implementers to prohibit the presence of extensions. For further information, see the [definition of modifier extensions](http://hl7.org/fhir/R4/extensibility.html#modifierExtension).","","","","","","","",,,,,"",,,,"BackboneElement.modifierExtension",0,*,"","ele-1:All FHIR elements must have a @value or children {hasValue() or (children().count() > id.count())}
ext-1:Must have either extensions or value[x], not both {extension.exists() != value.exists()}","N/A"
"Condition.evidence.code","Condition.evidence.code","","","",0,*,"","","Y","CodeableConcept {[CanonicalType[https://twcore.mohw.gov.tw/ig/twcore/StructureDefinition/CodeableConcept-tw]]} {[]}
","表現／症狀","導致記錄此病情、問題或診斷的表現或症狀","","","","","","","","","",,"extensible","病情、問題或診斷的表現或症狀之代碼；應填入所綁定值集中適合的代碼，確定無適合的代碼才可以使用其他值集的代碼來表示。","http://hl7.org/fhir/ValueSet/manifestation-or-symptom","",,,,"Condition.evidence.code",0,*,"con-2
","ele-1:All FHIR elements must have a @value or children {hasValue() or (children().count() > id.count())}
","Event.reasonCode","< 404684003 |Clinical finding|","[code=""diagnosis""].value","FiveWs.why[x]"
"Condition.evidence.detail","Condition.evidence.detail","","","",0,*,"","","Y","Reference {[]} {[CanonicalType[http://hl7.org/fhir/StructureDefinition/Resource|4.0.1]]}
","在其他地方找到的支持資訊","其他相關資訊的連接，包括病理報告。","","","","","","","","","",,,,,"",,,,"Condition.evidence.detail",0,*,"con-2
","ele-1:All FHIR elements must have a @value or children {hasValue() or (children().count() > id.count())}
",".self","FiveWs.why[x]"
"Condition.note","Condition.note","","","",0,*,"Y","","","Annotation {[]} {[]}
","關於此Condition的附加資訊","關於此Condition的附加資訊。這是一個一般的註釋／意見紀錄，用於描述病情、問題或診斷、其診斷和預後。","","","","","","","","","",,,,,"",,,,"Condition.note",0,*,"","ele-1:All FHIR elements must have a @value or children {hasValue() or (children().count() > id.count())}
","Event.note","NTE child of PRB",".inboundRelationship[typeCode=SUBJ].source[classCode=OBS, moodCode=EVN, code=""annotation""].value"
