URL,Version,Status,OIDs,Name,Title,Description,Uses,Used,Sources
http://hl7.org/fhir/ValueSet/administrative-gender,4.0.1,active,"2.16.840.1.113883.4.642.3.1",AdministrativeGender,AdministrativeGender,"The gender of a person used for administrative purposes.","StructureDefinition/TWHA-Practitioner,StructureDefinition/TWHA-Patient","hl7.fhir.r4.core"
http://hl7.org/fhir/ValueSet/body-site,4.0.1,draft,"2.16.840.1.113883.4.642.3.141",SNOMEDCTBodyStructures,SNOMED CT Body Structures,"This value set includes all codes from [SNOMED CT](http://snomed.info/sct) where concept is-a 442083009 (Anatomical or acquired body site (body structure)).","StructureDefinition/TWHA-ECG,StructureDefinition/TWHA-Observation-ServiceFinding,StructureDefinition/TWHA-SocialHistory-Alcohol,StructureDefinition/TWHA-Occupation,StructureDefinition/TWHA-Condition,StructureDefinition/TWHA-Procedure-Counseling,StructureDefinition/TWHA-PulmonaryFunction,StructureDefinition/TWHA-LabResult-General,StructureDefinition/TWHA-LabResult-Special,StructureDefinition/TWHA-ServiceRequest,StructureDefinition/TWHA-VisionTest,StructureDefinition/TWHA-PhysicalExam,StructureDefinition/TWHA-ImagingStudy,StructureDefinition/TWHA-HearingTest,StructureDefinition/TWHA-HealthManagementLevel,StructureDefinition/TWHA-SocialHistory-Smoking,StructureDefinition/TWHA-Procedure-ServiceActivity,StructureDefinition/TWHA-VitalSigns,StructureDefinition/TWHA-SocialHistory-Sleep,StructureDefinition/TWHA-SocialHistory-BetelNut,StructureDefinition/TWHA-WorkExposure","SCT"
http://hl7.org/fhir/ValueSet/bodysite-laterality,4.0.1,draft,"2.16.840.1.113883.4.642.3.287",Laterality,Laterality,"Laterality: SNOMED-CT concepts for 'left', 'right', and 'bilateral'","StructureDefinition/TWHA-ImagingStudy","SCT"
http://hl7.org/fhir/ValueSet/bundle-type,4.0.1,active,"2.16.840.1.113883.4.642.3.620",BundleType,BundleType,"Indicates the purpose of a bundle - how it is intended to be used.","StructureDefinition/TWHA-Bundle-Document,StructureDefinition/TWHA-Bundle-Transaction","hl7.fhir.r4.core"
http://hl7.org/fhir/ValueSet/care-plan-activity-kind,4.0.1,draft,"2.16.840.1.113883.4.642.3.145",CarePlanActivityKind,Care Plan Activity Kind,"Resource types defined as part of FHIR that can be represented as in-line definitions of a care plan activity.","StructureDefinition/TWHA-CarePlan","hl7.fhir.r4.core"
http://hl7.org/fhir/ValueSet/care-plan-activity-outcome,4.0.1,draft,"2.16.840.1.113883.4.642.3.149",CarePlanActivityOutcome,Care Plan Activity Outcome,"Example codes indicating the outcome of a care plan activity. Note that these are in no way complete and might not even be appropriate for some uses.","StructureDefinition/TWHA-CarePlan","SCT"
http://hl7.org/fhir/ValueSet/care-plan-activity-status,4.0.1,draft,"2.16.840.1.113883.4.642.3.146",CarePlanActivityStatus,CarePlanActivityStatus,"Codes that reflect the current state of a care plan activity within its overall life cycle.","StructureDefinition/TWHA-CarePlan","hl7.fhir.r4.core"
http://hl7.org/fhir/ValueSet/care-plan-category,4.0.1,draft,"2.16.840.1.113883.4.642.3.148",CarePlanCategory,Care Plan Category,"Example codes indicating the category a care plan falls within.  Note that these are in no way complete and might not even be appropriate for some uses.","StructureDefinition/TWHA-CarePlan","SCT"
http://hl7.org/fhir/ValueSet/care-plan-intent,4.0.1,draft,"2.16.840.1.113883.4.642.3.150",CarePlanIntent,Care Plan Intent,"Codes indicating the degree of authority/intentionality associated with a care plan.","StructureDefinition/TWHA-CarePlan","hl7.fhir.r4.core"
http://hl7.org/fhir/ValueSet/clinical-findings,4.0.1,draft,"2.16.840.1.113883.4.642.3.232",SNOMEDCTClinicalFindings,SNOMED CT Clinical Findings,"This value set includes all the ""Clinical finding"" [SNOMED CT](http://snomed.info/sct) codes - concepts where concept is-a 404684003 (Clinical finding (finding)).","StructureDefinition/TWHA-CarePlan,StructureDefinition/TWHA-DiagnosticReport","SCT"
http://hl7.org/fhir/ValueSet/clinicalimpression-prognosis,4.0.1,draft,"2.16.840.1.113883.4.642.3.160",ClinicalImpressionPrognosis,Clinical Impression Prognosis,"Example value set for clinical impression prognosis.","StructureDefinition/TWHA-ClinicalImpression","SCT"
http://hl7.org/fhir/ValueSet/clinicalimpression-status,4.0.1,draft,"2.16.840.1.113883.4.642.3.1046",ClinicalImpressionStatus,Clinical Impression Status,"Codes that reflect the current state of a clinical impression within its overall lifecycle.","StructureDefinition/TWHA-ClinicalImpression","hl7.fhir.r4.core"
http://hl7.org/fhir/ValueSet/composition-attestation-mode,4.0.1,draft,"2.16.840.1.113883.4.642.3.238",CompositionAttestationMode,CompositionAttestationMode,"The way in which a person authenticated a composition.","StructureDefinition/TWHA-Composition,StructureDefinition/TWHA-Composition-ServiceRecord","hl7.fhir.r4.core"
http://hl7.org/fhir/ValueSet/composition-status,4.0.1,draft,"2.16.840.1.113883.4.642.3.241",CompositionStatus,CompositionStatus,"The workflow/clinical status of the composition.","StructureDefinition/TWHA-Composition,StructureDefinition/TWHA-Composition-ServiceRecord","hl7.fhir.r4.core"
http://hl7.org/fhir/ValueSet/condition-category,4.0.1,draft,"2.16.840.1.113883.4.642.3.162",ConditionCategoryCodes,Condition Category Codes,"Preferred value set for Condition Categories.","StructureDefinition/TWHA-Condition","THO"
http://hl7.org/fhir/ValueSet/condition-clinical,4.0.1,draft,"2.16.840.1.113883.4.642.3.164",ConditionClinicalStatusCodes,Condition Clinical Status Codes,"Preferred value set for Condition Clinical Status.","StructureDefinition/TWHA-Condition","THO"
http://hl7.org/fhir/ValueSet/condition-code,4.0.1,draft,"2.16.840.1.113883.4.642.3.161",Condition/Problem/DiagnosisCodes,Condition/Problem/Diagnosis Codes,"Example value set for Condition/Problem/Diagnosis codes.","StructureDefinition/TWHA-Procedure-ServiceActivity,StructureDefinition/TWHA-Procedure-Counseling,StructureDefinition/TWHA-ClinicalImpression","SCT"
http://hl7.org/fhir/ValueSet/condition-severity,4.0.1,draft,"2.16.840.1.113883.4.642.3.168",Condition/DiagnosisSeverity,Condition/Diagnosis Severity,"Preferred value set for Condition/Diagnosis severity grading.","StructureDefinition/TWHA-Condition","SCT"
http://hl7.org/fhir/ValueSet/condition-stage,4.0.1,draft,"2.16.840.1.113883.4.642.3.170",ConditionStage,Condition Stage,"Example value set for stages of cancer and other conditions.","StructureDefinition/TWHA-Condition","SCT"
http://hl7.org/fhir/ValueSet/condition-stage-type,4.0.1,draft,"2.16.840.1.113883.4.642.3.171",ConditionStageType,Condition Stage Type,"Example value set for the type of stages of cancer and other conditions","StructureDefinition/TWHA-Condition","SCT"
http://hl7.org/fhir/ValueSet/condition-ver-status,4.0.1,draft,"2.16.840.1.113883.4.642.3.166",ConditionVerificationStatus,ConditionVerificationStatus,"The verification status to support or decline the clinical status of the condition or diagnosis.","StructureDefinition/TWHA-Condition","THO"
http://hl7.org/fhir/ValueSet/contact-point-system,4.0.1,active,"2.16.840.1.113883.4.642.3.71",ContactPointSystem,ContactPointSystem,"Telecommunications form for contact point.","StructureDefinition/TWHA-Practitioner,StructureDefinition/TWHA-Organization-Facility,StructureDefinition/TWHA-Organization-Employer,StructureDefinition/TWHA-Patient","hl7.fhir.r4.core"
http://hl7.org/fhir/ValueSet/contact-point-use,4.0.1,active,"2.16.840.1.113883.4.642.3.73",ContactPointUse,ContactPointUse,"Use of contact point.","StructureDefinition/TWHA-Practitioner,StructureDefinition/TWHA-Organization-Facility,StructureDefinition/TWHA-Organization-Employer,StructureDefinition/TWHA-Patient","hl7.fhir.r4.core"
http://hl7.org/fhir/ValueSet/contactentity-type,4.0.1,draft,"2.16.840.1.113883.4.642.3.416",ContactEntityType,Contact entity type,"This example value set defines a set of codes that can be used to indicate the purpose for which you would contact a contact party.","StructureDefinition/TWHA-Organization-Facility,StructureDefinition/TWHA-Organization-Employer","THO"
http://hl7.org/fhir/ValueSet/data-absent-reason,4.0.1,active,"2.16.840.1.113883.4.642.3.5",DataAbsentReason,DataAbsentReason,"Used to specify why the normally expected content of the data element is missing.","StructureDefinition/TWHA-ECG,StructureDefinition/TWHA-Observation-ServiceFinding,StructureDefinition/TWHA-SocialHistory-Alcohol,StructureDefinition/TWHA-Occupation,StructureDefinition/TWHA-PulmonaryFunction,StructureDefinition/TWHA-LabResult-General,StructureDefinition/TWHA-LabResult-Special,StructureDefinition/TWHA-VisionTest,StructureDefinition/TWHA-PhysicalExam,StructureDefinition/TWHA-HearingTest,StructureDefinition/TWHA-HealthManagementLevel,StructureDefinition/TWHA-SocialHistory-Smoking,StructureDefinition/TWHA-VitalSigns,StructureDefinition/TWHA-SocialHistory-Sleep,StructureDefinition/TWHA-SocialHistory-BetelNut,StructureDefinition/TWHA-WorkExposure","THO"
http://hl7.org/fhir/ValueSet/device-action,4.0.1,draft,"2.16.840.1.113883.4.642.3.425",ProcedureDeviceActionCodes,Procedure Device Action Codes,"Example codes indicating the change that happened to the device during the procedure.  Note that these are in no way complete and might not even be appropriate for some uses.","StructureDefinition/TWHA-Procedure-ServiceActivity,StructureDefinition/TWHA-Procedure-Counseling","SCT"
http://hl7.org/fhir/ValueSet/device-kind,4.0.1,draft,"2.16.840.1.113883.4.642.3.208",FHIRDeviceTypes,FHIR Device Types,"Codes used to identify medical devices. Includes concepts from SNOMED CT (http://www.snomed.org/) where concept is-a 49062001 (Device)  and is provided as a suggestive example.","StructureDefinition/TWHA-Procedure-ServiceActivity,StructureDefinition/TWHA-Procedure-Counseling","SCT"
http://hl7.org/fhir/ValueSet/diagnosis-role,4.0.1,draft,"2.16.840.1.113883.4.642.3.49",DiagnosisRole,DiagnosisRole,"This value set defines a set of codes that can be used to express the role of a diagnosis on the Encounter or EpisodeOfCare record.","StructureDefinition/TWHA-Encounter,StructureDefinition/TWHA-Encounter-Service","THO"
http://hl7.org/fhir/ValueSet/diagnostic-report-status,4.0.1,draft,"2.16.840.1.113883.4.642.3.235",DiagnosticReportStatus,DiagnosticReportStatus,"The status of the diagnostic report.","StructureDefinition/TWHA-DiagnosticReport","hl7.fhir.r4.core"
http://hl7.org/fhir/ValueSet/diagnostic-service-sections,4.0.1,draft,"2.16.840.1.113883.4.642.3.234",DiagnosticServiceSectionCodes,Diagnostic Service Section Codes,"This value set includes all the codes in HL7 V2 table 0074.","StructureDefinition/TWHA-DiagnosticReport","THO (V2)"
http://hl7.org/fhir/ValueSet/doc-section-codes,4.0.1,draft,"2.16.840.1.113883.4.642.3.237",DocumentSectionCodes,Document Section Codes,"Document section codes (LOINC codes used in CCDA sections).","StructureDefinition/TWHA-Composition-ServiceRecord","LOINC"
http://hl7.org/fhir/ValueSet/doc-typecodes,4.0.1,draft,"2.16.840.1.113883.4.642.3.240",FHIRDocumentTypeCodes,FHIR Document Type Codes,"FHIR Document Codes - all LOINC codes where scale type = 'DOC'.","StructureDefinition/TWHA-Composition-ServiceRecord","LOINC"
http://hl7.org/fhir/ValueSet/document-classcodes,4.0.1,active,"2.16.840.1.113883.3.88.12.80.46",DocumentClassValueSet,Document Class Value Set,"This is the code specifying the high-level kind of document (e.g. Prescription, Discharge Summary, Report, etc.). Note: Class code for documents comes from LOINC, and is based upon one of the following:The type of service described by the document. It is described at a very high level in Section 7.3 of the LOINC Manual. The type study performed. It was determined by identifying modalities for study reports. The section of the chart where the document is placed. It was determined from the SETs created for Claims Attachment requests.","StructureDefinition/TWHA-Composition-ServiceRecord","LOINC"
http://hl7.org/fhir/ValueSet/document-relationship-type,4.0.1,draft,"2.16.840.1.113883.4.642.3.244",DocumentRelationshipType,DocumentRelationshipType,"The type of relationship between documents.","StructureDefinition/TWHA-Composition,StructureDefinition/TWHA-Composition-ServiceRecord","hl7.fhir.r4.core"
http://hl7.org/fhir/ValueSet/encounter-admit-source,4.0.1,draft,"2.16.840.1.113883.4.642.3.257",AdmitSource,Admit source,"This value set defines a set of codes that can be used to indicate from where the patient came in.","StructureDefinition/TWHA-Encounter,StructureDefinition/TWHA-Encounter-Service","THO"
http://hl7.org/fhir/ValueSet/encounter-diet,4.0.1,draft,"2.16.840.1.113883.4.642.3.255",Diet,Diet,"This value set defines a set of codes that can be used to indicate dietary preferences or restrictions a patient may have.","StructureDefinition/TWHA-Encounter,StructureDefinition/TWHA-Encounter-Service","THO"
http://hl7.org/fhir/ValueSet/encounter-discharge-disposition,4.0.1,draft,"2.16.840.1.113883.4.642.3.259",DischargeDisposition,Discharge disposition,"This value set defines a set of codes that can be used to where the patient left the hospital.","StructureDefinition/TWHA-Encounter,StructureDefinition/TWHA-Encounter-Service","THO"
http://hl7.org/fhir/ValueSet/encounter-location-status,4.0.1,draft,"2.16.840.1.113883.4.642.3.262",EncounterLocationStatus,EncounterLocationStatus,"The status of the location.","StructureDefinition/TWHA-Encounter,StructureDefinition/TWHA-Encounter-Service","hl7.fhir.r4.core"
http://hl7.org/fhir/ValueSet/encounter-participant-type,4.0.1,draft,"2.16.840.1.113883.4.642.3.250",ParticipantType,Participant type,"This value set defines a set of codes that can be used to indicate how an individual participates in an encounter.","StructureDefinition/TWHA-Encounter,StructureDefinition/TWHA-Encounter-Service","THO (V3),THO"
http://hl7.org/fhir/ValueSet/encounter-reason,4.0.1,draft,"2.16.840.1.113883.4.642.3.261",EncounterReasonCodes,Encounter Reason Codes,"This examples value set defines the set of codes that can be used to indicate reasons for an encounter.","StructureDefinition/TWHA-Encounter,StructureDefinition/TWHA-Encounter-Service","SCT"
http://hl7.org/fhir/ValueSet/encounter-special-arrangements,4.0.1,draft,"2.16.840.1.113883.4.642.3.253",SpecialArrangements,Special arrangements,"This value set defines a set of codes that can be used to indicate the kinds of special arrangements in place for a patients visit.","StructureDefinition/TWHA-Encounter,StructureDefinition/TWHA-Encounter-Service","THO"
http://hl7.org/fhir/ValueSet/encounter-special-courtesy,4.0.1,draft,"2.16.840.1.113883.4.642.3.252",SpecialCourtesy,Special courtesy,"This value set defines a set of codes that can be used to indicate special courtesies provided to the patient.","StructureDefinition/TWHA-Encounter,StructureDefinition/TWHA-Encounter-Service","THO (V3)"
http://hl7.org/fhir/ValueSet/encounter-status,4.0.1,draft,"2.16.840.1.113883.4.642.3.246",EncounterStatus,EncounterStatus,"Current state of the encounter.","StructureDefinition/TWHA-Encounter,StructureDefinition/TWHA-Encounter-Service","hl7.fhir.r4.core"
http://hl7.org/fhir/ValueSet/encounter-type,4.0.1,draft,"2.16.840.1.113883.4.642.3.248",EncounterType,Encounter type,"This example value set defines a set of codes that can be used to indicate the type of encounter: a specific code indicating type of service provided.","StructureDefinition/TWHA-Encounter,StructureDefinition/TWHA-Encounter-Service","THO"
http://hl7.org/fhir/ValueSet/event-status,4.0.1,draft,"2.16.840.1.113883.4.642.3.109",EventStatus,EventStatus,"Codes identifying the lifecycle stage of an event.","StructureDefinition/TWHA-Procedure-ServiceActivity,StructureDefinition/TWHA-Procedure-Counseling","hl7.fhir.r4.core"
http://hl7.org/fhir/ValueSet/http-verb,4.0.1,active,"2.16.840.1.113883.4.642.3.624",HTTPVerb,HTTPVerb,"HTTP verbs (in the HTTP command line). See [HTTP rfc](https://tools.ietf.org/html/rfc7231) for details.","StructureDefinition/TWHA-Bundle-Document,StructureDefinition/TWHA-Bundle-Transaction","hl7.fhir.r4.core"
http://hl7.org/fhir/ValueSet/identifier-type,4.0.1,active,"2.16.840.1.113883.4.642.3.45",Identifier Type Codes,IdentifierType,"A coded type for an identifier that can be used to determine which identifier to use for a specific purpose.","StructureDefinition/TWHA-Encounter,StructureDefinition/TWHA-Practitioner,StructureDefinition/TWHA-Encounter-Service,StructureDefinition/TWHA-Patient","THO (V2)"
http://hl7.org/fhir/ValueSet/identifier-use,4.0.1,active,"2.16.840.1.113883.4.642.3.57",IdentifierUse,IdentifierUse,"Identifies the purpose for this identifier, if known .","StructureDefinition/TWHA-Encounter,StructureDefinition/TWHA-Practitioner,StructureDefinition/TWHA-Encounter-Service,StructureDefinition/TWHA-Organization-Facility,StructureDefinition/TWHA-Organization-Employer,StructureDefinition/TWHA-Patient","hl7.fhir.r4.core"
http://hl7.org/fhir/ValueSet/imagingstudy-status,4.0.1,draft,"2.16.840.1.113883.4.642.3.990",ImagingStudyStatus,ImagingStudyStatus,"The status of the ImagingStudy.","StructureDefinition/TWHA-ImagingStudy","hl7.fhir.r4.core"
http://hl7.org/fhir/ValueSet/investigation-sets,4.0.1,draft,"2.16.840.1.113883.4.642.3.157",InvestigationType,Investigation Type,"Example value set for investigation type.","StructureDefinition/TWHA-ClinicalImpression","SCT"
http://hl7.org/fhir/ValueSet/item-type,4.0.1,draft,"2.16.840.1.113883.4.642.3.444",QuestionnaireItemType,QuestionnaireItemType,"Distinguishes groups from questions and display text and indicates data type for questions.","StructureDefinition/TWHA-Questionnaire","hl7.fhir.r4.core"
http://hl7.org/fhir/ValueSet/jurisdiction,4.0.1,active,"2.16.840.1.113883.4.642.3.48",Jurisdiction ValueSet,Jurisdiction,"This value set defines a base set of codes for country, country subdivision and region    for indicating where a resource is intended to be used.             Note: The codes for countries and country subdivisions are taken from    [ISO 3166](https://www.iso.org/iso-3166-country-codes.html)    while the codes for ""supra-national"" regions are from    [UN Standard country or area codes for statistical use (M49)](http://unstats.un.org/unsd/methods/m49/m49.htm).","StructureDefinition/TWHA-Questionnaire","hl7.terminology.r4,Other"
http://hl7.org/fhir/ValueSet/languages,4.0.1,draft,"2.16.840.1.113883.4.642.3.20",CommonLanguages,Common Languages,"This value set includes common codes from BCP-47 (http://tools.ietf.org/html/bcp47)","StructureDefinition/TWHA-ECG,StructureDefinition/TWHA-Bundle-Document,StructureDefinition/TWHA-Procedure-Counseling,StructureDefinition/TWHA-LabResult-General,StructureDefinition/TWHA-LabResult-Special,StructureDefinition/TWHA-PhysicalExam,StructureDefinition/TWHA-HearingTest,StructureDefinition/TWHA-QuestionnaireResponse-HT,StructureDefinition/TWHA-VitalSigns,StructureDefinition/TWHA-SocialHistory-Sleep,StructureDefinition/TWHA-Bundle-Transaction,StructureDefinition/TWHA-WorkExposure,StructureDefinition/TWHA-Observation-ServiceFinding,StructureDefinition/TWHA-SocialHistory-Alcohol,StructureDefinition/TWHA-Questionnaire,StructureDefinition/TWHA-Occupation,StructureDefinition/TWHA-Condition,StructureDefinition/TWHA-PulmonaryFunction,StructureDefinition/TWHA-ClinicalImpression,StructureDefinition/TWHA-Practitioner,StructureDefinition/TWHA-Composition,StructureDefinition/TWHA-ServiceRequest,StructureDefinition/TWHA-VisionTest,StructureDefinition/TWHA-Organization-Facility,StructureDefinition/TWHA-ImagingStudy,StructureDefinition/TWHA-Composition-ServiceRecord,StructureDefinition/TWHA-Organization-Employer,StructureDefinition/TWHA-Patient,StructureDefinition/TWHA-HealthManagementLevel,StructureDefinition/TWHA-SocialHistory-Smoking,StructureDefinition/TWHA-QuestionnaireResponse,StructureDefinition/TWHA-Procedure-ServiceActivity,StructureDefinition/TWHA-Encounter,StructureDefinition/TWHA-SDOH-QuestionnaireResponse,StructureDefinition/TWHA-Encounter-Service,StructureDefinition/TWHA-CarePlan,StructureDefinition/TWHA-SocialHistory-BetelNut,StructureDefinition/TWHA-DiagnosticReport,StructureDefinition/TWHA-Task-ServiceTask","hl7.terminology.r4"
http://hl7.org/fhir/ValueSet/link-type,4.0.1,active,"2.16.840.1.113883.4.642.3.423",LinkType,LinkType,"The type of link between this patient resource and another patient resource.","StructureDefinition/TWHA-Patient","hl7.fhir.r4.core"
http://hl7.org/fhir/ValueSet/list-empty-reason,4.0.1,draft,"2.16.840.1.113883.4.642.3.322",ListEmptyReasons,List Empty Reasons,"General reasons for a list to be empty. Reasons are either related to a summary list (i.e. problem or medication list) or to a workflow related list (i.e. consultation list).","StructureDefinition/TWHA-Composition,StructureDefinition/TWHA-Composition-ServiceRecord","THO"
http://hl7.org/fhir/ValueSet/list-mode,4.0.1,draft,"2.16.840.1.113883.4.642.3.318",ListMode,ListMode,"The processing mode that applies to this list.","StructureDefinition/TWHA-Composition,StructureDefinition/TWHA-Composition-ServiceRecord","hl7.fhir.r4.core"
http://hl7.org/fhir/ValueSet/list-order,4.0.1,draft,"2.16.840.1.113883.4.642.3.324",ListOrderCodes,List Order Codes,"Base values for the order of the items in a list resource.","StructureDefinition/TWHA-Composition,StructureDefinition/TWHA-Composition-ServiceRecord","THO"
http://hl7.org/fhir/ValueSet/location-physical-type,4.0.1,draft,"2.16.840.1.113883.4.642.3.328",LocationType,Location type,"This example value set defines a set of codes that can be used to indicate the physical form of the Location.","StructureDefinition/TWHA-Encounter,StructureDefinition/TWHA-Encounter-Service","THO"
http://hl7.org/fhir/ValueSet/manifestation-or-symptom,4.0.1,draft,"2.16.840.1.113883.4.642.3.169",ManifestationAndSymptomCodes,Manifestation and Symptom Codes,"Example value set for Manifestation and Symptom codes.","StructureDefinition/TWHA-Condition","SCT"
http://hl7.org/fhir/ValueSet/marital-status,4.0.1,active,"2.16.840.1.113883.4.642.3.29",Marital Status Codes,MaritalStatus,"This value set defines the set of codes that can be used to indicate the marital status of a person.","StructureDefinition/TWHA-Patient","THO (V3)"
http://hl7.org/fhir/ValueSet/medication-as-needed-reason,4.0.1,draft,"2.16.840.1.113883.4.642.3.96",SNOMEDCTMedicationAsNeededReasonCodes,SNOMED CT Medication As Needed Reason Codes,"This value set includes all clinical findings from SNOMED CT - provided as an exemplar value set.","StructureDefinition/TWHA-ServiceRequest","SCT"
http://hl7.org/fhir/ValueSet/medication-codes,4.0.1,draft,"2.16.840.1.113883.4.642.3.375",SNOMEDCTMedicationCodes,SNOMED CT Medication Codes,"This value set includes all drug or medicament substance codes and all pharmaceutical/biologic products from SNOMED CT - provided as an exemplar value set.","StructureDefinition/TWHA-CarePlan","SCT"
http://hl7.org/fhir/ValueSet/name-use,4.0.1,active,"2.16.840.1.113883.4.642.3.65",NameUse,NameUse,"The use of a human name.","StructureDefinition/TWHA-Practitioner,StructureDefinition/TWHA-Patient","hl7.fhir.r4.core"
http://hl7.org/fhir/ValueSet/observation-category,4.0.1,draft,"2.16.840.1.113883.4.642.3.403",ObservationCategoryCodes,Observation Category Codes,"Observation Category codes.","StructureDefinition/TWHA-ECG,StructureDefinition/TWHA-Observation-ServiceFinding,StructureDefinition/TWHA-SocialHistory-Alcohol,StructureDefinition/TWHA-Occupation,StructureDefinition/TWHA-PulmonaryFunction,StructureDefinition/TWHA-LabResult-General,StructureDefinition/TWHA-LabResult-Special,StructureDefinition/TWHA-VisionTest,StructureDefinition/TWHA-PhysicalExam,StructureDefinition/TWHA-HearingTest,StructureDefinition/TWHA-HealthManagementLevel,StructureDefinition/TWHA-SocialHistory-Smoking,StructureDefinition/TWHA-VitalSigns,StructureDefinition/TWHA-SocialHistory-Sleep,StructureDefinition/TWHA-SocialHistory-BetelNut,StructureDefinition/TWHA-WorkExposure","THO"
http://hl7.org/fhir/ValueSet/observation-codes,4.0.1,draft,"2.16.840.1.113883.4.642.3.396",LOINCCodes,LOINC Codes,"This value set includes all LOINC codes","StructureDefinition/TWHA-ECG,StructureDefinition/TWHA-Observation-ServiceFinding,StructureDefinition/TWHA-SocialHistory-Alcohol,StructureDefinition/TWHA-Occupation,StructureDefinition/TWHA-Procedure-Counseling,StructureDefinition/TWHA-PulmonaryFunction,StructureDefinition/TWHA-ServiceRequest,StructureDefinition/TWHA-VisionTest,StructureDefinition/TWHA-PhysicalExam,StructureDefinition/TWHA-HearingTest,StructureDefinition/TWHA-HealthManagementLevel,StructureDefinition/TWHA-SocialHistory-Smoking,StructureDefinition/TWHA-SocialHistory-Sleep,StructureDefinition/TWHA-SocialHistory-BetelNut,StructureDefinition/TWHA-DiagnosticReport,StructureDefinition/TWHA-WorkExposure","LOINC"
http://hl7.org/fhir/ValueSet/observation-interpretation,4.0.1,active,"2.16.840.1.113883.4.642.3.399",ObservationInterpretationCodes,Observation Interpretation Codes,"A categorical assessment, providing a rough qualitative interpretation of the observation value,    such as “normal”/ “abnormal”,”low” / “high”, “better” / “worse”, “susceptible” / “resistant”, “expected”/ “not expected”.    The value set is intended to be for ANY use where coded representation of an interpretation is needed.             Notes:          This is being communicated in v2.x in OBX-8 (Observation Interpretation), in v3 in ObservationInterpretation (CWE) in R1 (Representative Realm) and in FHIR in    Observation.interpretation. Historically these values come from the laboratory domain, and these codes are extensively    used. The value set binding is extensible, so codes outside the value set that are needed for interpretation concepts    (i.e. particular meanings) that are not included in the value set can be used, and these new codes may also be added to    the value set and published in a future version.","StructureDefinition/TWHA-ECG,StructureDefinition/TWHA-Observation-ServiceFinding,StructureDefinition/TWHA-SocialHistory-Alcohol,StructureDefinition/TWHA-Occupation,StructureDefinition/TWHA-PulmonaryFunction,StructureDefinition/TWHA-LabResult-General,StructureDefinition/TWHA-LabResult-Special,StructureDefinition/TWHA-VisionTest,StructureDefinition/TWHA-PhysicalExam,StructureDefinition/TWHA-HearingTest,StructureDefinition/TWHA-HealthManagementLevel,StructureDefinition/TWHA-SocialHistory-Smoking,StructureDefinition/TWHA-VitalSigns,StructureDefinition/TWHA-SocialHistory-Sleep,StructureDefinition/TWHA-SocialHistory-BetelNut,StructureDefinition/TWHA-WorkExposure","THO (V3)"
http://hl7.org/fhir/ValueSet/observation-methods,4.0.1,draft,"2.16.840.1.113883.4.642.3.395",ObservationMethods,Observation Methods,"Observation Method codes from [SNOMED CT](http://snomed.info/sct) where concept is-a 272394005 (Technique (qualifier value)) or is-a 129264002 (Action (qualifier value)) or is-a 386053000 (Evaluation procedure(procedure))","StructureDefinition/TWHA-ECG,StructureDefinition/TWHA-Observation-ServiceFinding,StructureDefinition/TWHA-SocialHistory-Alcohol,StructureDefinition/TWHA-Occupation,StructureDefinition/TWHA-PulmonaryFunction,StructureDefinition/TWHA-LabResult-General,StructureDefinition/TWHA-LabResult-Special,StructureDefinition/TWHA-VisionTest,StructureDefinition/TWHA-PhysicalExam,StructureDefinition/TWHA-HearingTest,StructureDefinition/TWHA-HealthManagementLevel,StructureDefinition/TWHA-SocialHistory-Smoking,StructureDefinition/TWHA-VitalSigns,StructureDefinition/TWHA-SocialHistory-Sleep,StructureDefinition/TWHA-SocialHistory-BetelNut,StructureDefinition/TWHA-WorkExposure","SCT"
http://hl7.org/fhir/ValueSet/observation-status,4.0.1,active,"2.16.840.1.113883.4.642.3.400",ObservationStatus,ObservationStatus,"Codes providing the status of an observation.","StructureDefinition/TWHA-ECG,StructureDefinition/TWHA-Observation-ServiceFinding,StructureDefinition/TWHA-SocialHistory-Alcohol,StructureDefinition/TWHA-Occupation,StructureDefinition/TWHA-PulmonaryFunction,StructureDefinition/TWHA-LabResult-General,StructureDefinition/TWHA-LabResult-Special,StructureDefinition/TWHA-VisionTest,StructureDefinition/TWHA-PhysicalExam,StructureDefinition/TWHA-HearingTest,StructureDefinition/TWHA-HealthManagementLevel,StructureDefinition/TWHA-SocialHistory-Smoking,StructureDefinition/TWHA-VitalSigns,StructureDefinition/TWHA-SocialHistory-Sleep,StructureDefinition/TWHA-SocialHistory-BetelNut,StructureDefinition/TWHA-WorkExposure","hl7.fhir.r4.core"
http://hl7.org/fhir/ValueSet/organization-type,4.0.1,draft,"2.16.840.1.113883.4.642.3.414",OrganizationType,Organization type,"This example value set defines a set of codes that can be used to indicate a type of organization.","StructureDefinition/TWHA-Organization-Facility,StructureDefinition/TWHA-Organization-Employer","THO"
http://hl7.org/fhir/ValueSet/participant-role,4.0.1,draft,"2.16.840.1.113883.4.642.3.152",ParticipantRoles,Participant Roles,"Roles of participants that may be included in a care team.  Defined as: Is a Person, Healthcare professional (occupation) or Healthcare related organization (qualifier value).","StructureDefinition/TWHA-ServiceRequest","SCT"
http://hl7.org/fhir/ValueSet/performer-role,4.0.1,draft,"2.16.840.1.113883.4.642.3.433",ProcedurePerformerRoleCodes,Procedure Performer Role Codes,"This example value set defines the set of codes that can be used to indicate a role of a procedure performer.","StructureDefinition/TWHA-Procedure-ServiceActivity,StructureDefinition/TWHA-Procedure-Counseling,StructureDefinition/TWHA-Task-ServiceTask","SCT"
http://hl7.org/fhir/ValueSet/procedure-category,4.0.1,draft,"2.16.840.1.113883.4.642.3.430",ProcedureCategoryCodes(SNOMEDCT),Procedure Category Codes (SNOMED CT),"Procedure Category code: A selection of relevant SNOMED CT codes.","StructureDefinition/TWHA-Procedure-ServiceActivity,StructureDefinition/TWHA-Procedure-Counseling","SCT"
http://hl7.org/fhir/ValueSet/procedure-code,4.0.1,draft,"2.16.840.1.113883.4.642.3.427",ProcedureCodes(SNOMEDCT),Procedure Codes (SNOMED CT),"Procedure Code: All SNOMED CT procedure codes.","StructureDefinition/TWHA-Procedure-Counseling,StructureDefinition/TWHA-ServiceRequest,StructureDefinition/TWHA-CarePlan","SCT"
http://hl7.org/fhir/ValueSet/procedure-followup,4.0.1,draft,"2.16.840.1.113883.4.642.3.429",ProcedureFollowUpCodes(SNOMEDCT),Procedure Follow up Codes (SNOMED CT),"Procedure follow up codes: A selection of SNOMED CT codes relevant to procedure follow up.","StructureDefinition/TWHA-Procedure-ServiceActivity,StructureDefinition/TWHA-Procedure-Counseling","SCT"
http://hl7.org/fhir/ValueSet/procedure-not-performed-reason,4.0.1,active,"2.16.840.1.113883.4.642.3.431",ProcedureNotPerformedReason(SNOMED-CT),Procedure Not Performed Reason (SNOMED-CT),"Situation codes describing the reason that a procedure, which might otherwise be expected, was not performed, or a procedure that was started and was not completed. Consists of SNOMED CT codes, children of procedure contraindicated (183932001), procedure discontinued (416406003), procedure not done (416237000), procedure not indicated (428119001), procedure not offered (416064006), procedure not wanted (416432009), procedure refused (183944003), and procedure stopped (394908001).","StructureDefinition/TWHA-Procedure-ServiceActivity,StructureDefinition/TWHA-Procedure-Counseling","SCT"
http://hl7.org/fhir/ValueSet/procedure-outcome,4.0.1,draft,"2.16.840.1.113883.4.642.3.428",ProcedureOutcomeCodes(SNOMEDCT),Procedure Outcome Codes (SNOMED CT),"Procedure Outcome code: A selection of relevant SNOMED CT codes.","StructureDefinition/TWHA-Procedure-ServiceActivity,StructureDefinition/TWHA-Procedure-Counseling","SCT"
http://hl7.org/fhir/ValueSet/procedure-reason,4.0.1,draft,"2.16.840.1.113883.4.642.3.432",ProcedureReasonCodes,Procedure Reason Codes,"This example value set defines the set of codes that can be used to indicate a reason for a procedure.","StructureDefinition/TWHA-Procedure-ServiceActivity,StructureDefinition/TWHA-Procedure-Counseling,StructureDefinition/TWHA-ImagingStudy","SCT"
http://hl7.org/fhir/ValueSet/publication-status,4.0.1,active,"2.16.840.1.113883.4.642.3.3",PublicationStatus,PublicationStatus,"The lifecycle status of an artifact.","StructureDefinition/TWHA-Questionnaire","hl7.fhir.r4.core"
http://hl7.org/fhir/ValueSet/quantity-comparator,4.0.1,active,"2.16.840.1.113883.4.642.3.59",QuantityComparator,QuantityComparator,"How the Quantity should be understood and represented.","StructureDefinition/TWHA-SocialHistory-Sleep,StructureDefinition/TWHA-HearingTest","hl7.fhir.r4.core"
http://hl7.org/fhir/ValueSet/questionnaire-answers,4.0.1,draft,"2.16.840.1.113883.4.642.3.446",QuestionnaireAnswerCodes,Questionnaire Answer Codes,"Example list of codes for answers to questions. (Not complete or necessarily appropriate.)","StructureDefinition/TWHA-QuestionnaireResponse,StructureDefinition/TWHA-Questionnaire,StructureDefinition/TWHA-QuestionnaireResponse-HT,StructureDefinition/TWHA-SDOH-QuestionnaireResponse","SCT"
http://hl7.org/fhir/ValueSet/questionnaire-answers-status,4.0.1,draft,"required",QuestionnaireResponseStatus,QuestionnaireResponseStatus,"Lifecycle status of the questionnaire response.","StructureDefinition/TWHA-QuestionnaireResponse,StructureDefinition/TWHA-QuestionnaireResponse-HT,StructureDefinition/TWHA-SDOH-QuestionnaireResponse","hl7.fhir.r4.core"
http://hl7.org/fhir/ValueSet/questionnaire-enable-behavior,4.0.1,draft,"2.16.840.1.113883.4.642.3.1007",EnableWhenBehavior,EnableWhenBehavior,"Controls how multiple enableWhen values are interpreted -  whether all or any must be true.","StructureDefinition/TWHA-Questionnaire","hl7.fhir.r4.core"
http://hl7.org/fhir/ValueSet/questionnaire-enable-operator,4.0.1,draft,"2.16.840.1.113883.4.642.3.1005",QuestionnaireItemOperator,QuestionnaireItemOperator,"The criteria by which a question is enabled.","StructureDefinition/TWHA-Questionnaire","hl7.fhir.r4.core"
http://hl7.org/fhir/ValueSet/questionnaire-questions,4.0.1,draft,"2.16.840.1.113883.4.642.3.443",QuestionnaireQuestionCodes,Questionnaire Question Codes,"Example list of codes for questions and groups of questions. (Not necessarily complete or appropriate.)","StructureDefinition/TWHA-Questionnaire","LOINC"
http://hl7.org/fhir/ValueSet/referencerange-appliesto,4.0.1,draft,"2.16.840.1.113883.4.642.3.407",ObservationReferenceRangeAppliesToCodes,Observation Reference Range Applies To Codes,"This value set defines a set of codes that can be used to indicate the particular target population the reference range applies to.","StructureDefinition/TWHA-ECG,StructureDefinition/TWHA-Observation-ServiceFinding,StructureDefinition/TWHA-SocialHistory-Alcohol,StructureDefinition/TWHA-Occupation,StructureDefinition/TWHA-PulmonaryFunction,StructureDefinition/TWHA-LabResult-General,StructureDefinition/TWHA-LabResult-Special,StructureDefinition/TWHA-VisionTest,StructureDefinition/TWHA-PhysicalExam,StructureDefinition/TWHA-HearingTest,StructureDefinition/TWHA-HealthManagementLevel,StructureDefinition/TWHA-SocialHistory-Smoking,StructureDefinition/TWHA-VitalSigns,StructureDefinition/TWHA-SocialHistory-Sleep,StructureDefinition/TWHA-SocialHistory-BetelNut,StructureDefinition/TWHA-WorkExposure","SCT"
http://hl7.org/fhir/ValueSet/referencerange-meaning,4.0.1,draft,"2.16.840.1.113883.4.642.3.397",ObservationReferenceRangeMeaningCodes,Observation Reference Range Meaning Codes,"This value set defines a set of codes that can be used to indicate the meaning/use of a reference range for a particular target population.","StructureDefinition/TWHA-ECG,StructureDefinition/TWHA-Observation-ServiceFinding,StructureDefinition/TWHA-SocialHistory-Alcohol,StructureDefinition/TWHA-Occupation,StructureDefinition/TWHA-PulmonaryFunction,StructureDefinition/TWHA-LabResult-General,StructureDefinition/TWHA-LabResult-Special,StructureDefinition/TWHA-VisionTest,StructureDefinition/TWHA-PhysicalExam,StructureDefinition/TWHA-HearingTest,StructureDefinition/TWHA-HealthManagementLevel,StructureDefinition/TWHA-SocialHistory-Smoking,StructureDefinition/TWHA-VitalSigns,StructureDefinition/TWHA-SocialHistory-Sleep,StructureDefinition/TWHA-SocialHistory-BetelNut,StructureDefinition/TWHA-WorkExposure","THO"
http://hl7.org/fhir/ValueSet/relatedperson-relationshiptype,4.0.1,draft,"2.16.840.1.113883.4.642.3.449",PatientRelationshipType,Patient relationship type,"A set of codes that can be used to indicate the relationship between a Patient and a Related Person.","StructureDefinition/TWHA-Patient","THO (V3),THO (V2)"
http://hl7.org/fhir/ValueSet/request-intent,4.0.1,draft,"2.16.840.1.113883.4.642.3.113",RequestIntent,RequestIntent,"Codes indicating the degree of authority/intentionality associated with a request.","StructureDefinition/TWHA-ServiceRequest","hl7.fhir.r4.core"
http://hl7.org/fhir/ValueSet/request-priority,4.0.1,draft,"2.16.840.1.113883.4.642.3.115",RequestPriority,Request priority,"The clinical priority of a diagnostic order.","StructureDefinition/TWHA-ServiceRequest,StructureDefinition/TWHA-Task-ServiceTask","hl7.fhir.r4.core"
http://hl7.org/fhir/ValueSet/request-status,4.0.1,draft,"2.16.840.1.113883.4.642.3.111",RequestStatus,RequestStatus,"Codes identifying the lifecycle stage of a request.","StructureDefinition/TWHA-ServiceRequest,StructureDefinition/TWHA-CarePlan","hl7.fhir.r4.core"
http://hl7.org/fhir/ValueSet/resource-types,4.0.1,active,"2.16.840.1.113883.4.642.3.27",ResourceType,ResourceType,"One of the resource types defined as part of this version of FHIR.","StructureDefinition/TWHA-Questionnaire","hl7.fhir.r4.core"
http://hl7.org/fhir/ValueSet/search-entry-mode,4.0.1,active,"2.16.840.1.113883.4.642.3.622",SearchEntryMode,SearchEntryMode,"Why an entry is in the result set - whether it's included as a match or because of an _include requirement, or to convey information or warning information about the search process.","StructureDefinition/TWHA-Bundle-Document,StructureDefinition/TWHA-Bundle-Transaction","hl7.fhir.r4.core"
http://hl7.org/fhir/ValueSet/series-performer-function,4.0.1,draft,"2.16.840.1.113883.4.642.3.989",ImagingStudySeriesPerformerFunction,ImagingStudy series performer function,"Performer function of an agent in an imaging study series","StructureDefinition/TWHA-ImagingStudy","THO (V3)"
http://hl7.org/fhir/ValueSet/service-type,4.0.1,draft,"2.16.840.1.113883.4.642.3.518",ServiceType,Service type,"This value set defines an example set of codes of service-types.","StructureDefinition/TWHA-Encounter,StructureDefinition/TWHA-Encounter-Service","THO"
http://hl7.org/fhir/ValueSet/servicerequest-category,4.0.1,draft,"2.16.840.1.113883.4.642.3.434",ServiceRequestCategoryCodes,Service Request Category Codes,"An example value set of SNOMED CT concepts that can classify a requested service","StructureDefinition/TWHA-ServiceRequest","SCT"
http://hl7.org/fhir/ValueSet/servicerequest-orderdetail,4.0.1,draft,"2.16.840.1.113883.4.642.3.435",ServiceRequestOrderDetailsCodes,Service Request Order Details Codes,"An example value set of Codified order entry details concepts.  These concepts only make sense in the context of what is being ordered.  This example is for a patient ventilation order","StructureDefinition/TWHA-ServiceRequest","SCT"
http://hl7.org/fhir/ValueSet/task-code,4.0.1,active,"2.16.840.1.113883.4.642.3.1396",TaskCode,Task Codes,"Codes indicating the type of action that is expected to be performed","StructureDefinition/TWHA-Task-ServiceTask","hl7.fhir.r4.core"
http://hl7.org/fhir/ValueSet/task-intent,4.0.1,draft,"2.16.840.1.113883.4.642.3.1240",TaskIntent,TaskIntent,"Distinguishes whether the task is a proposal, plan or full order.","StructureDefinition/TWHA-Task-ServiceTask","hl7.fhir.r4.core"
http://hl7.org/fhir/ValueSet/task-status,4.0.1,draft,"2.16.840.1.113883.4.642.3.790",TaskStatus,TaskStatus,"The current status of the task.","StructureDefinition/TWHA-Task-ServiceTask","hl7.fhir.r4.core"
http://hl7.org/fhir/ValueSet/ucum-vitals-common,4.0.1,draft,"2.16.840.1.113883.4.642.3.955",VitalSignsUnits,Vital Signs Units,"Common UCUM units for recording Vital Signs","StructureDefinition/TWHA-VitalSigns","UCUM"
http://hl7.org/fhir/uv/ips/ValueSet/absent-or-unknown-problems-uv-ips,1.1.0,active,,AbsentOrUnknownProblemsUvIps,Absent or Unknown Problems - IPS,"Absent or Unknown Problems","StructureDefinition/TWHA-Condition","hl7.fhir.uv.ips"
http://terminology.hl7.org/ValueSet/v2-0092,2.9,active,,v2.0092,v2 RE-ADMISSION INDICATOR,"FHIR Value set/code system definition for HL7 v2 table 0092 ( RE-ADMISSION INDICATOR)","StructureDefinition/TWHA-Encounter,StructureDefinition/TWHA-Encounter-Service","THO (V2)"
http://terminology.hl7.org/ValueSet/v3-ActCode,2018-08-12,active,,v3.ActCode,v3 Code System ActCode," A code specifying the particular kind of Act that the Act-instance represents within its class.  Constraints:  The kind of Act (e.g. physical examination, serum potassium, inpatient encounter, charge financial transaction, etc.) is specified with a code from one of several, typically external, coding systems.  The coding system will depend on the class of Act, such as LOINC for observations, etc. Conceptually, the Act.code must be a specialization of the Act.classCode. This is why the structure of ActClass domain should be reflected in the superstructure of the ActCode domain and then individual codes or externally referenced vocabularies subordinated under these domains that reflect the ActClass structure. Act.classCode and Act.code are not modifiers of each other but the Act.code concept should really imply the Act.classCode concept. For a negative example, it is not appropriate to use an Act.code ""potassium"" together with and Act.classCode for ""laboratory observation"" to somehow mean ""potassium laboratory observation"" and then use the same Act.code for ""potassium"" together with Act.classCode for ""medication"" to mean ""substitution of potassium"". This mutually modifying use of Act.code and Act.classCode is not permitted.","StructureDefinition/TWHA-Composition,StructureDefinition/TWHA-Composition-ServiceRecord","THO (V3)"
http://terminology.hl7.org/ValueSet/v3-ActEncounterCode,2014-03-26,active,"2.16.840.1.113883.1.11.13955",v3.ActEncounterCode,V3 Value SetActEncounterCode," Domain provides codes that qualify the ActEncounterClass (ENC)","StructureDefinition/TWHA-Encounter,StructureDefinition/TWHA-Encounter-Service","THO (V3)"
http://terminology.hl7.org/ValueSet/v3-ActPriority,2018-08-12,active,,v3.ActPriority,v3 Code System ActPriority," A set of codes (e.g., for routine, emergency), specifying the urgency under which the Act happened, can happen, is happening, is intended to happen, or is requested/demanded to happen.","StructureDefinition/TWHA-Encounter,StructureDefinition/TWHA-Encounter-Service","THO (V3)"
http://terminology.hl7.org/ValueSet/v3-ConfidentialityClassification,2014-03-26,active,"2.16.840.1.113883.1.11.10228",v3.ConfidentialityClassification,V3 Value SetConfidentialityClassification," Set of codes used to value Act.Confidentiality and Role.Confidentiality attribute in accordance with the definition for concept domain ""Confidentiality"".","StructureDefinition/TWHA-Composition,StructureDefinition/TWHA-Composition-ServiceRecord","THO (V3)"
http://terminology.hl7.org/ValueSet/v3-ServiceDeliveryLocationRoleType,2014-03-26,active,"2.16.840.1.113883.1.11.17660",v3.ServiceDeliveryLocationRoleType,V3 Value SetServiceDeliveryLocationRoleType," A role of a place that further classifies the setting (e.g., accident site, road side, work site, community location) in which services are delivered.","StructureDefinition/TWHA-ServiceRequest","THO (V3)"
http://terminology.hl7.org/ValueSet/v3-UnitsOfMeasureCaseSensitive,3.0.0,active,"2.16.840.1.113883.1.11.12839",UnitsOfMeasureCaseSensitive,UnitsOfMeasureCaseSensitive,"**Description:** All units of measure.","StructureDefinition/TWHA-SocialHistory-Smoking","UCUM"
https://hapi.fhir.tw/fhir/ValueSet/sf-BetNutChewAmount-valueset,0.1.0,active,,sf-BetNutChewAmount-valueset,每日嚼檳榔量值集,"Betel Nut Chewing Amount Value Set","StructureDefinition/TWHA-SocialHistory-BetelNut","Internal"
https://hapi.fhir.tw/fhir/ValueSet/sf-BetNutChewBeh-valueset,0.1.0,active,,sf-BetNutChewBeh-valueset,嚼檳榔行為值集,"Betel Nut Chewing Behavior Value Set",,"Internal"
https://hapi.fhir.tw/fhir/ValueSet/sf-BetNutChewQuit-valueset,0.1.0,active,,sf-BetNutChewQuit-valueset,戒嚼檳榔年值集,"Betel Nut Chewing Quit Value Set","StructureDefinition/TWHA-SocialHistory-BetelNut","Internal"
https://hapi.fhir.tw/fhir/ValueSet/sf-BetNutChewYear-valueset,0.1.0,active,,sf-BetNutChewYear-valueset,嚼檳榔年值集,"Betel Nut Chewing Year Value Set","StructureDefinition/TWHA-SocialHistory-BetelNut","Internal"
https://twcore.mohw.gov.tw/ig/twcore/ValueSet/AcquisitionModality,1.0.0,active,,AcquisitionModality,Acquisition Modality,"此值集為 DICOM CID 29 Acquisition Modality 的本地定義，用於解決 IG Publisher 無法解析外部連結的問題。","StructureDefinition/TWHA-ImagingStudy","DICOM"
https://twcore.mohw.gov.tw/ig/twcore/ValueSet/condition-code-sct-tw,2022-07-31,active,,TWConditionCodeSCT,SNOMED CT診斷代碼值集,"SNOMED CT診斷代碼值集。","StructureDefinition/TWHA-Condition,StructureDefinition/TWHA-ServiceRequest","SCT"
https://twcore.mohw.gov.tw/ig/twcore/ValueSet/health-professional-sct-tw,0.3.0,active,,TWHealthProfessionalSCT,SNOMED CT + 臺灣醫事司醫事人員類別值集,"SNOMED CT + 臺灣醫事司醫事人員類別值集。  此值集優先採用國際標準碼，國際標準碼未能表述之概念則以普遍被使用的臺灣醫事司醫事人員類別標準碼表述，請實作者留意。","StructureDefinition/TWHA-Practitioner","tw.gov.mohw.twcore,SCT"
https://twcore.mohw.gov.tw/ig/twcore/ValueSet/icd-10-cm-2014-tw,2017-07-19,active,,TW2014ICD10CM,臺灣健保署2014年中文版ICD-10-CM值集,"臺灣健保署2014年中文版ICD-10-CM值集。 資料所屬單位：衛生福利部中央健康保險署。   此值集所涵蓋代碼量較大會使載入頁面時間較長，為方便使用者瀏覽，此處(本頁、XML、JSON、TTL)僅擷取部分代碼，完整代碼可至[全國專門術語服務平臺－值集(Value Set)](https://fhir.mohw.gov.tw/ts/valueset.jsp)查閱","StructureDefinition/TWHA-Condition","tw.gov.mohw.twcore"
https://twcore.mohw.gov.tw/ig/twcore/ValueSet/icd-10-cm-2021-tw,2022-07-29,active,,TW2021ICD10CM,臺灣健保署2021年中文版ICD-10-CM值集,"臺灣健保署2021年中文版ICD-10-CM值集。 資料所屬單位：衛生福利部中央健康保險署。  此值集所涵蓋代碼量較大會使載入頁面時間較長，為方便使用者瀏覽，此處(本頁、XML、JSON、TTL)僅擷取部分代碼，完整代碼可至[全國專門術語服務平臺－值集(Value Set)](https://fhir.mohw.gov.tw/ts/valueset.jsp)查閱","StructureDefinition/TWHA-Condition","tw.gov.mohw.twcore"
https://twcore.mohw.gov.tw/ig/twcore/ValueSet/icd-10-cm-2023-tw,2024-11-18,active,,TW2023ICD10CM,臺灣健保署2023年中文版ICD-10-CM值集,"臺灣健保署2023年中文版ICD-10-CM值集。 資料所屬單位：衛生福利部中央健康保險署。  此值集所涵蓋代碼量較大會使載入頁面時間較長，為方便使用者瀏覽，此處(本頁、XML、JSON、TTL)僅擷取部分代碼，完整代碼可至[全國專門術語服務平臺－值集(Value Set)](https://fhir.mohw.gov.tw/ts/valueset.jsp)查閱","StructureDefinition/TWHA-Condition","tw.gov.mohw.twcore"
https://twcore.mohw.gov.tw/ig/twcore/ValueSet/icd-10-pcs-2014-tw,2017-07-19,active,,TW2014ICD10PCS,臺灣健保署2014年中文版ICD-10-PCS值集,"臺灣健保署2014年中文版ICD-10-PCS值集。 資料所屬單位：衛生福利部中央健康保險署。  此值集所涵蓋代碼量較大會使載入頁面時間較長，為方便使用者瀏覽，此處(本頁、XML、JSON、TTL)僅擷取部分代碼，完整代碼可至[全國專門術語服務平臺－值集(Value Set)](https://fhir.mohw.gov.tw/ts/valueset.jsp)查閱","StructureDefinition/TWHA-Procedure-Counseling,StructureDefinition/TWHA-ServiceRequest","tw.gov.mohw.twcore"
https://twcore.mohw.gov.tw/ig/twcore/ValueSet/icd-10-pcs-2021-tw,2022-07-29,active,,TW2021ICD10PCS,臺灣健保署2021年中文版ICD-10-PCS值集,"臺灣健保署2021年中文版ICD-10-PCS值集。 資料所屬單位：衛生福利部中央健康保險署。  此值集所涵蓋代碼量較大會使載入頁面時間較長，為方便使用者瀏覽，此處(本頁、XML、JSON、TTL)僅擷取部分代碼，完整代碼可至[全國專門術語服務平臺－值集(Value Set)](https://fhir.mohw.gov.tw/ts/valueset.jsp)查閱","StructureDefinition/TWHA-Procedure-Counseling,StructureDefinition/TWHA-ServiceRequest,StructureDefinition/TWHA-ImagingStudy,StructureDefinition/TWHA-DiagnosticReport","tw.gov.mohw.twcore"
https://twcore.mohw.gov.tw/ig/twcore/ValueSet/icd-10-pcs-2023-tw,2024-11-18,active,,TW2023ICD10PCS,臺灣健保署2023年中文版ICD-10-PCS值集,"臺灣健保署2023年中文版ICD-10-PCS值集。 資料所屬單位：衛生福利部中央健康保險署。  此值集所涵蓋代碼量較大會使載入頁面時間較長，為方便使用者瀏覽，此處(本頁、XML、JSON、TTL)僅擷取部分代碼，完整代碼可至[全國專門術語服務平臺－值集(Value Set)](https://fhir.mohw.gov.tw/ts/valueset.jsp)查閱","StructureDefinition/TWHA-Procedure-Counseling,StructureDefinition/TWHA-ServiceRequest,StructureDefinition/TWHA-ImagingStudy,StructureDefinition/TWHA-DiagnosticReport","tw.gov.mohw.twcore"
https://twcore.mohw.gov.tw/ig/twcore/ValueSet/icd-9-cm-2001-tw,2023-05-09,active,,TW2001ICD9CM,臺灣健保署2001年中文版ICD-9-CM值集,"臺灣健保署2001年中文版ICD-9-CM值集。 資料所屬單位：衛生福利部中央健康保險署。   此值集所涵蓋代碼量較大會使載入頁面時間較長，為方便使用者瀏覽，此處(本頁、XML、JSON、TTL)僅擷取部分代碼，完整代碼可至[全國專門術語服務平臺－臺灣健保署2001年中文版ICD-9-CM值集](https://fhir.mohw.gov.tw/ts/valuesetRead.jsp?id=icd-9-cm-2001-tw&status=active&version=2023-05-09&metaId=1&composeId=0&composeSystem=0&composeVersion=0&pageSet=preview)查閱","StructureDefinition/TWHA-Condition","tw.gov.mohw.twcore"
https://twcore.mohw.gov.tw/ig/twcore/ValueSet/identifier-type-tw,0.3.0,active,,TWIdentifierType,IdentifierType + 臺灣衛福部資訊處識別碼類型值集,"IdentifierType + 臺灣衛福部資訊處識別碼類型值集","StructureDefinition/TWHA-Practitioner,StructureDefinition/TWHA-Organization-Facility,StructureDefinition/TWHA-Organization-Employer,StructureDefinition/TWHA-Patient","THO (V2),tw.gov.mohw.twcore"
https://twcore.mohw.gov.tw/ig/twcore/ValueSet/industry-dgbas-tw,2021-01-01,active,,TWIndustry,行政院主計總處行業分類值集,"行政院主計總處行業分類值集","StructureDefinition/TWHA-Occupation","tw.gov.mohw.twcore"
https://twcore.mohw.gov.tw/ig/twcore/ValueSet/laboratory-category-tw,2022-07-01,active,,TWLaboratoryCategory,臺灣健保署醫療服務給付項目-檢驗值集,"臺灣健保署醫療服務給付項目-檢驗值集。 資料所屬單位：衛生福利部中央健康保險署。 ","StructureDefinition/TWHA-DiagnosticReport","tw.gov.mohw.twcore"
https://twcore.mohw.gov.tw/ig/twcore/ValueSet/laboratory-code-tw,1.0.0,active,,TWLaboratoryCode,臺灣核心-實驗室檢驗檢查值集,"臺灣核心-實驗室檢驗檢查值集，包含LOINC與臺灣健保署醫療服務給付項目-檢驗代碼。","StructureDefinition/TWHA-LabResult-General,StructureDefinition/TWHA-LabResult-Special",
https://twcore.mohw.gov.tw/ig/twcore/ValueSet/loinc-doc-section-code,2.81,active,,LOINCDocumentSection,LOINC Code Document Section值集,"LOINC Code Document Section值集。 代碼版本：2.81；代碼更新日期：2025-12-01；資料所屬單位：Regenstrief Institute。","StructureDefinition/TWHA-Composition","LOINC"
https://twcore.mohw.gov.tw/ig/twcore/ValueSet/loinc-document-classcodes,2.81,active,,LOINCDocumentClass,LOINC Document Class值集,"LOINC Document Class值集。 代碼版本：2.81；代碼更新日期：2025-12-01；資料所屬單位：Regenstrief Institute。","StructureDefinition/TWHA-Composition","LOINC"
https://twcore.mohw.gov.tw/ig/twcore/ValueSet/loinc-observation-code,2.81,active,,LOINCObservationCode,LOINC實驗室檢驗檢查值集,"LOINC實驗室檢驗檢查值集。   代碼版本：2.81；代碼更新日期：2025-12-01；資料所屬單位：Regenstrief Institute。","StructureDefinition/TWHA-DiagnosticReport","LOINC"
https://twcore.mohw.gov.tw/ig/twcore/ValueSet/loinc-type-doc-code,2.81,active,,LOINCDocumentType,LOINC Code Document Type值集,"LOINC Code Document Type值集。   代碼版本：2.81；代碼更新日期：2025-12-01；資料所屬單位：Regenstrief Institute。","StructureDefinition/TWHA-Composition","LOINC"
https://twcore.mohw.gov.tw/ig/twcore/ValueSet/medical-consultation-department-tw,0.3.0,active,,TWMedicalConsultationDepartment,無法對應至SNOMED CT之臺灣健保署就醫科別值集,"無法對應至SNOMED CT之臺灣健保署就醫科別值集。  此值集優先採用國際標準碼，國際標準碼未能表述之概念則以普遍被使用的臺灣健保署標準碼表述，請實作者留意。 ","StructureDefinition/TWHA-Encounter,StructureDefinition/TWHA-Encounter-Service","tw.gov.mohw.twcore"
https://twcore.mohw.gov.tw/ig/twcore/ValueSet/medical-department-sct-tw,0.3.0,active,,TWMedicalDepartmentSCT,對應至 SNOMED CT之就醫科別 + 診療科別值集,"因就醫科別與診療科別對應到之國際標準碼 SNOMED CT有共通代碼，因此本值集將兩者的對應代碼整合於同一值集中。    另為便於使用者更清晰地辨識「[就醫科別](ValueSet-medical-department-sct-tw.html#就醫科別對應表)」及「[診療科別](ValueSet-medical-department-sct-tw.html#診療科別對應表)」的各別完整值集範圍，請參閱以下兩個表格，代碼使用原則為：若想表達的語意有國際代碼可表述，便採用國際代碼；若無對應的國際代碼可表述，則採用健保署編訂的代碼。  ","StructureDefinition/TWHA-Encounter,StructureDefinition/TWHA-Encounter-Service","SCT"
https://twcore.mohw.gov.tw/ig/twcore/ValueSet/medical-treatment-department-tw,0.3.0,active,,TWMedicalTreatmentDepartment,無法對應至SNOMED CT之臺灣健保署診療科別值集,"無法對應至SNOMED CT之臺灣健保署診療科別值集。  此值集優先採用國際標準碼，國際標準碼未能表述之概念則以普遍被使用的臺灣健保署標準碼表述，請實作者留意。 ","StructureDefinition/TWHA-Encounter,StructureDefinition/TWHA-Encounter-Service","tw.gov.mohw.twcore"
https://twcore.mohw.gov.tw/ig/twcore/ValueSet/narrative-status,0.3.0,active,,TWNarrativeStatus,臺灣衛福部資訊處Narrative狀態值集,"臺灣衛福部資訊處Narrative狀態值集","StructureDefinition/TWHA-CarePlan","hl7.fhir.r4.core"
https://twcore.mohw.gov.tw/ig/twcore/ValueSet/observation-clinical-result-category,0.3.0,active,,TWObservationClinicalResultCategory,臺灣衛福部資訊處Observation Clinical Result類型值集,"臺灣衛福部資訊處Observation Clinical Result類型值集","StructureDefinition/TWHA-PulmonaryFunction,StructureDefinition/TWHA-LabResult-General,StructureDefinition/TWHA-LabResult-Special,StructureDefinition/TWHA-VisionTest,StructureDefinition/TWHA-PhysicalExam,StructureDefinition/TWHA-HearingTest","THO"
https://twcore.mohw.gov.tw/ig/twcore/ValueSet/occupation-lia-roc-tw,2023-06-01,active,,TWLIAROCOccupation,臺灣壽險公會傷害保險個人職業分類表值集,"臺灣壽險公會傷害保險個人職業分類表值集","StructureDefinition/TWHA-Occupation","tw.gov.mohw.twcore"
https://twcore.mohw.gov.tw/ig/twcore/ValueSet/occupation-mol-tw,2010-05-01,active,,TWMolOccupation,臺灣勞動部職業標準分類值集,"臺灣勞動部職業標準分類值集","StructureDefinition/TWHA-Occupation","tw.gov.mohw.twcore"
https://twcore.mohw.gov.tw/ig/twcore/ValueSet/organization-identifier-tw,2024-04-10,active,,TWOrganizationIdentifier,臺灣醫事司醫事機構代碼值集,"臺灣醫事司醫事機構代碼值集。  資料所屬單位：衛生福利部中央健康保險署。  此值集所涵蓋代碼量較大會使載入頁面時間較長，為方便使用者瀏覽，此處(本頁、XML、JSON、TTL)僅擷取部分代碼，完整代碼可至[全國專門術語服務平臺－值集(Value Set)](https://fhir.mohw.gov.tw/ts/valueset.jsp)查閱 ","StructureDefinition/TWHA-Organization-Facility","tw.gov.mohw.twcore"
https://twcore.mohw.gov.tw/ig/twcore/ValueSet/procedure-tw,2024-05-27,active,,TWMedicalServicePayment,臺灣健保署醫療服務給付項目-處置或手術值集,"臺灣健保署醫療服務給付項目-處置或手術值集。 資料所屬單位：衛生福利部中央健康保險署。 ","StructureDefinition/TWHA-Procedure-Counseling,StructureDefinition/TWHA-ServiceRequest","tw.gov.mohw.twcore"
https://twcore.mohw.gov.tw/ig/twcore/ValueSet/serviceRequest-category,0.3.0,active,,TWServiceRequestCategory,臺灣衛福部資訊處ServiceRequest類型值集,"臺灣衛福部資訊處ServiceRequest類型值集","StructureDefinition/TWHA-ServiceRequest","tw.gov.mohw.twcore,SCT"
https://twcore.mohw.gov.tw/ig/twcore/ValueSet/smoking-status-comprehensive-code,0.3.0,active,,SmokingStatusComprehensiveCode,SNOMED CT 吸菸狀態綜合評估值集,"SNOMED CT + HL7 NullFlavor 性傾向值集。","StructureDefinition/TWHA-SocialHistory-Smoking","SCT"
https://twcore.mohw.gov.tw/ig/twcore/ValueSet/smoking-status-type-code,0.3.0,active,,SmokingStatusTypeCode,SNOMED CT + LOINC 吸菸狀態種類向值集,"SNOMED CT + LOINC 吸菸狀態種類向值集。","StructureDefinition/TWHA-SocialHistory-Smoking","SCT,LOINC"
https://twcore.mohw.gov.tw/ig/twcore/ValueSet/vital-signs-tw,0.3.0,active,,TWVitalSigns,LOINC生命體徵值集,"LOINC生命體徵值集。","StructureDefinition/TWHA-VitalSigns","LOINC"
https://twcore.mohw.gov.tw/ig/twha/ValueSet/VS-CoreDataset,0.1.0,active,,VS_CoreDataset,健康檢查核心項目值集,"包含一般健康檢查及體格檢查之核心檢驗與實驗室項目，對應至 LOINC 代碼。","StructureDefinition/TWHA-LabResult-General,ConceptMap/TWHealthCheckLaboratoryMap","LOINC"
https://twcore.mohw.gov.tw/ig/twha/ValueSet/VS-ExamType,0.1.0,active,,VS_ExamType,檢查類型值集,"包含一般體格檢查、一般健康檢查、特殊體格檢查及特殊健康檢查之代碼。","StructureDefinition/ext-exam-type","Internal"
https://twcore.mohw.gov.tw/ig/twha/ValueSet/VS-ExtendedDataset,0.1.0,active,,VS_ExtendedDataset,健康檢查進階與領域擴充項目值集,"包含特殊健康檢查與體格檢查之實驗室與生理功能檢驗項目，以及自費健康檢查常見之影像學檢查（如 MRI、CT、PET/CT、超音波、骨密度等）與內視鏡檢查（如胃鏡、大腸鏡），對應至 LOINC 代碼。","StructureDefinition/TWHA-LabResult-Special","LOINC"
https://twcore.mohw.gov.tw/ig/twha/ValueSet/VS-FitnessForWork,0.1.0,active,,VS_FitnessForWork,適性配工建議值集,"包含適性配工或工作調整建議代碼之值集。","StructureDefinition/ext-fitness-for-work","Internal"
https://twcore.mohw.gov.tw/ig/twha/ValueSet/VS-HazardType,0.1.0,active,,VS_HazardType,特別危害健康作業類別值集,"包含 12 大類特別危害健康作業類別之代碼。","StructureDefinition/ext-hazard-type,StructureDefinition/TWHA-WorkExposure","Internal"
https://twcore.mohw.gov.tw/ig/twha/ValueSet/VS-HealthCounseling,0.1.0,active,,VS_HealthCounseling,健康諮詢與衛教指導項目值集,"包含成人預防保健與健康檢查中健康諮詢項目代碼之值集。","StructureDefinition/TWHA-Procedure-Counseling","Internal"
https://twcore.mohw.gov.tw/ig/twha/ValueSet/VS-HealthMgmtLevel,0.1.0,active,,VS_HealthMgmtLevel,健康管理分級值集,"包含健康管理分級（第一級至第四級）代碼之值集。","StructureDefinition/ext-health-mgmt-level,StructureDefinition/TWHA-HealthManagementLevel","Internal"
https://twcore.mohw.gov.tw/ig/twha/ValueSet/VS-LaborReportCode,0.1.0,active,,VS_LaborReportCode,勞動部通報報告代碼值集,"包含勞動部通報報告類別代碼之值集。","StructureDefinition/ext-labor-report-code","Internal"
https://twcore.mohw.gov.tw/ig/twha/ValueSet/VS-OrganicSolventType,0.1.0,active,,VS_OrganicSolventType,有機溶劑種類值集,"包含特別危害健康作業中之常見有機溶劑代碼。",,"Internal"
https://twcore.mohw.gov.tw/ig/twha/ValueSet/VS-PhysicalExamSystems,0.1.0,active,,VS_PhysicalExamSystems,身體檢查系統部位值集,"包含理學檢查中各系統部位代碼之值集。","StructureDefinition/TWHA-PhysicalExam","Internal"
https://twcore.mohw.gov.tw/ig/twha/ValueSet/VS-PulmonaryFunction,0.1.0,active,,VS_PulmonaryFunction,肺功能檢查項目值集,"包含常用之肺功能檢查（如 FVC, FEV1, FEV1/FVC 等）的 LOINC 代碼，以供肺功能檢查 Profile 使用。",,"LOINC"
https://twcore.mohw.gov.tw/ig/twha/ValueSet/VS-ServiceActivityType,0.1.0,active,,VS_ServiceActivityType,臨場健康服務辦理事項值集,"包含臨場健康服務項目活動類別代碼之值集。","StructureDefinition/TWHA-Procedure-ServiceActivity","Internal"
https://twcore.mohw.gov.tw/ig/twha/ValueSet/VS-SmokingStatus,0.1.0,active,,VS_SmokingStatus,吸菸狀態值集,"包含吸菸狀態代碼的值集。","StructureDefinition/TWHA-SocialHistory-Smoking","Internal"
https://twcore.mohw.gov.tw/ig/twha/ValueSet/VS-SpecificChemicalType,0.1.0,active,,VS_SpecificChemicalType,特定化學物質種類值集,"包含特別危害健康作業中之常見特定化學物質代碼。",,"Internal"
https://twcore.mohw.gov.tw/ig/twha/ValueSet/VS-TWHAVitalSigns,0.1.0,active,,VS_TWHAVitalSigns,職業健檢生命徵象項目值集,"包含身高、體重、腰圍及血壓等生理測量項目之 LOINC 代碼。","StructureDefinition/TWHA-VitalSigns","LOINC"
https://twcore.mohw.gov.tw/ig/twha/ValueSet/VS-UnfitDiseases,0.1.0,active,,VS_UnfitDiseases,不適合從事作業之疾病值集,"依據勞工健康保護規則附表十二所列，不適合從事特定特別危害健康作業之疾病代碼值集（以 ICD-10-CM 表示）。","StructureDefinition/TWHA-Condition","hl7.terminology.r4"
